[{"model": "sessions.session", "pk": "0e3335zg9y4be1e6adu5ee8ebsf5uh4h", "fields": {"session_data": ".eJxVjEEOgjAURO_StWnKb0vFpXvOQNr_R4samlBYGe8uJCx0-96beashrkse1op5GEVdlFOnX5YiPzHtQh5xuhfNZVrmMek90Yetui-C1_Vo_w5yrHlbG38zwi1Z8YiBPXkOwVDylnEGOqHUOBIysBskBxE4BAtwY9uO1OcL7NI4JQ:1w0Gxa:O70zoUrVbLN2E7WWMgyfvfuHe19wGsRPVIYsm6D4fGo", "expire_date": "2026-03-11T11:08:38.755Z"}}, {"model": "sessions.session", "pk": "1yydugf2desxbssiedgz1lknbkq3zzls", "fields": {"session_data": ".eJxVjM0OgjAQBt9lz6ZhW_ojR-88A_lKtxY1kFA4Gd_dkHDQ68xk3jRg38qwV1mHKVFHhi6_LGJ8ynyI9MB8X9S4zNs6RXUk6rRV9UuS1-1s_wYFtVBHgNcWKUjMgJjWtE4ywwetjWdmjexiYkTdIFsR24QmGI-WE1_daOnzBf7sOBM:1vzdiT:xMucKeCJJBQ3-G_INEW7dy9GPHh6TdjepEGp0XrXgD8", "expire_date": "2026-03-09T17:14:25.128Z"}}, {"model": "sessions.session", "pk": "38azx1d0b04ro0usw9402ytsrhl5fcqh", "fields": {"session_data": ".eJxVjMsKwjAQAP9lzxKyktSmR-9-Q9lH1lQlhaY9if8uhR70OjPMG0ba1jJuLS_jpDAAwumXMckz113og-p9djLXdZnY7Yk7bHO3WfPrerR_g0KtwABeOWCg5JMFi5dogpRj8tgZd8ImPkeJnFRNrcfgkVIUPfc9MmZJ8PkC_PI4wQ:1vzj9l:SxgHRemuLFuLd5eVUF_mCAj-eDutz1VhH9f-8JD2QV4", "expire_date": "2026-03-09T23:02:57.124Z"}}, {"model": "sessions.session", "pk": "3meku0zg6mhvqeh5oirlbv87j2avk3lt", "fields": {"session_data": ".eJxVjEEOgjAURO_StWnKb0vFpXvOQNr_R4samlBYGe8uJCx0-96beashrkse1op5GEVdlFOnX5YiPzHtQh5xuhfNZVrmMek90Yetui-C1_Vo_w5yrHlbG38zwi1Z8YiBPXkOwVDylnEGOqHUOBIysBskBxE4BAtwY9uO1OcL7NI4JQ:1w01CI:rJP4xXScfpdRPzwo49XyFprj09dWbbQNOCWYTHvtvTk", "expire_date": "2026-03-10T18:18:46.398Z"}}, {"model": "sessions.session", "pk": "702qe0g27pggazdjon9p3v7vuw26l9lo", "fields": {"session_data": ".eJxVjM0OgjAQBt9lz6ZhW_ojR-88A_lKtxY1kFA4Gd_dkHDQ68xk3jRg38qwV1mHKVFHhi6_LGJ8ynyI9MB8X9S4zNs6RXUk6rRV9UuS1-1s_wYFtVBHgNcWKUjMgJjWtE4ywwetjWdmjexiYkTdIFsR24QmGI-WE1_daOnzBf7sOBM:1vzVtP:5xt-cJ8bEFK7zeU5nFghRU_4OMJPO8HPova9_NdkeHI", "expire_date": "2026-03-09T08:53:11.097Z"}}, {"model": "sessions.session", "pk": "74w3t91ppxo4zi7mco2g06xom7xq1exs", "fields": {"session_data": ".eJxVjMsOwiAQAP9lz4awLCD26N1vIMtLqgaS0p6M_26a9KDXmcm8wfO2Vr-NvPg5wQQIp18WOD5z20V6cLt3EXtblzmIPRGHHeLWU35dj_ZvUHlUmIAkaoPSmILEWWMwtgSNJWMKlqTO0SVjtWZWzjpSKjKeHREFK9HQBT5fvF82kg:1vxYIZ:uWg325pV-GaOMt702mNaV593M-fuV1kvdWCJCZcQsT4", "expire_date": "2026-03-03T23:03:03.335Z"}}, {"model": "sessions.session", "pk": "82dttdf6nycaqs4ijnw1f86gtfpa0vxd", "fields": {"session_data": ".eJxVjDEOgzAMAP_iuYoShzTA2J03IDt2Cm1FJAJT1b9XSAztene6N4y0b9O4V13HWaAHB5dfxpSeuhxCHrTci0ll2daZzZGY01YzFNHX7Wz_BhPVCXrQ2AhypzmHjpIlahljcq5rY3ZBQkYUjmqTZ5VIjtB7q2hDFuVr08DnCwjcOLI:1vyVDQ:0omI6omRTW057Uz8FblYBdsrpHPHNBNAR1Mwasvoeeo", "expire_date": "2026-03-06T13:57:40.391Z"}}, {"model": "sessions.session", "pk": "8o8yrifeualx73lur7o8wydol0uulgxn", "fields": {"session_data": ".eJxVjMsOwiAQAP9lz4awLCD26N1vIMtLqgaS0p6M_26a9KDXmcm8wfO2Vr-NvPg5wQQIp18WOD5z20V6cLt3EXtblzmIPRGHHeLWU35dj_ZvUHlUmIAkaoPSmILEWWMwtgSNJWMKlqTO0SVjtWZWzjpSKjKeHREFK9HQBT5fvF82kg:1vyGeO:hL0N-ZnF-EXlp1_YIHW57pY5Ilm9lCeRNHRf2_RWFms", "expire_date": "2026-03-05T22:24:32.392Z"}}, {"model": "sessions.session", "pk": "9bkkshcjykbrer98d1qzr3ba0157eukh", "fields": {"session_data": ".eJxVjMsOwiAQAP9lz4awLCD26N1vIMtLqgaS0p6M_26a9KDXmcm8wfO2Vr-NvPg5wQQIp18WOD5z20V6cLt3EXtblzmIPRGHHeLWU35dj_ZvUHlUmIAkaoPSmILEWWMwtgSNJWMKlqTO0SVjtWZWzjpSKjKeHREFK9HQBT5fvF82kg:1vy8Bj:1ViSQjL5WNmgMw0PveMilbtVkW128s2pkIZmNLMbDzo", "expire_date": "2026-03-05T13:22:23.139Z"}}, {"model": "sessions.session", "pk": "9l2rn1tumv1n8skds487rjevl1qmrahj", "fields": {"session_data": ".eJxVjMsOwiAQAP9lz4awLCD26N1vIMtLqgaS0p6M_26a9KDXmcm8wfO2Vr-NvPg5wQQIp18WOD5z20V6cLt3EXtblzmIPRGHHeLWU35dj_ZvUHlUmIAkaoPSmILEWWMwtgSNJWMKlqTO0SVjtWZWzjpSKjKeHREFK9HQBT5fvF82kg:1vxP4I:j8HipBGKosSCvNRbb_m0vlMnVfh0y-ecL3al_dROh24", "expire_date": "2026-03-03T13:11:42.829Z"}}, {"model": "sessions.session", "pk": "a28ai0xrp4coeh4zowo4hlvvxaw9lplo", "fields": {"session_data": ".eJxVjDEOgzAMAP_iuYoShzTA2J03IDt2Cm1FJAJT1b9XSAztene6N4y0b9O4V13HWaAHB5dfxpSeuhxCHrTci0ll2daZzZGY01YzFNHX7Wz_BhPVCXrQ2AhypzmHjpIlahljcq5rY3ZBQkYUjmqTZ5VIjtB7q2hDFuVr08DnCwjcOLI:1vzH6l:ZUJvEzI0oOz3hwG7VLJqZn1LcMBsOLAet3ZfZIAWXm0", "expire_date": "2026-03-08T17:05:59.012Z"}}, {"model": "sessions.session", "pk": "bb0peqv7fs1l64cumpl0ieyh2edg7uct", "fields": {"session_data": ".eJxVjMsOwiAQRf-FtSE8ihSX7vsNZIYZpGogKe3K-O_apAvd3nPOfYkI21ri1nmJM4mL0OL0uyGkB9cd0B3qrcnU6rrMKHdFHrTLqRE_r4f7d1Cgl2_NfiCDgXN2AZICGNH4pHUYfdaOXDaG0LNKFpk8aDDWKjbKZWI8D4N4fwAI3Diy:1vzzeA:dSmVuKEtPM6UyigRwFvsqPHhlpb8mBq2ZYbR_n8CLEc", "expire_date": "2026-03-10T16:39:26.001Z"}}, {"model": "sessions.session", "pk": "bk30cpmtuo5ucq3j5kwsfxt83wwzipn2", "fields": {"session_data": ".eJxVjMsOwiAQAP9lz4awLCD26N1vIMtLqgaS0p6M_26a9KDXmcm8wfO2Vr-NvPg5wQQIp18WOD5z20V6cLt3EXtblzmIPRGHHeLWU35dj_ZvUHlUmIAkaoPSmILEWWMwtgSNJWMKlqTO0SVjtWZWzjpSKjKeHREFK9HQBT5fvF82kg:1vxnfk:gawIxETEjnP9Jzwzc_AR4FBAHl_cVDJhPa65vqmOhzE", "expire_date": "2026-03-04T15:28:00.090Z"}}, {"model": "sessions.session", "pk": "d534tetja74kwsox63py5ajt2yvijppe", "fields": {"session_data": ".eJxVjDsOwjAUBO_iGlnrT2xDSZ8zWP484wBypDipEHeHSCmg3ZnZF_NhW6vfOi1-yuzCJDv9bjGkB7Ud5Htot5mnua3LFPmu8IN2Ps6ZntfD_TuooddvrYsUZ0cJREAACgYDEyUolSFFi2ClFoZSFCAHlbUtKNopC6WyI_b-ANshN4E:1w05r3:uZBbciV9iUNYyPpHOENAVTR_bC4SGLyuLVjuU2H2GVw", "expire_date": "2026-03-10T23:17:09.008Z"}}, {"model": "sessions.session", "pk": "dep2nozx080ef3omwv74g42aaqr40yk9", "fields": {"session_data": ".eJxVjDEOgzAMAP_iuYoShzTA2J03IDt2Cm1FJAJT1b9XSAztene6N4y0b9O4V13HWaAHB5dfxpSeuhxCHrTci0ll2daZzZGY01YzFNHX7Wz_BhPVCXrQ2AhypzmHjpIlahljcq5rY3ZBQkYUjmqTZ5VIjtB7q2hDFuVr08DnCwjcOLI:1vyIvk:d3zhif4GbZ76KYRfWaQJot8Grrzt9dU5m0cGpxkBP3U", "expire_date": "2026-03-06T00:50:36.424Z"}}, {"model": "sessions.session", "pk": "e24ses2wnjs0a7oz7iogyg3qlfr02bc8", "fields": {"session_data": ".eJxVjEEOwiAQAP-yZ0OAsqX06N03kN2ylaqBpLQn499Nkx70OjOZN0Tatxz3JmtcEozQweWXMU1PKYdIDyr3qqZatnVhdSTqtE3dapLX9Wz_BplahhF6K-QGNFoHZBRmbYMx3vlk51m80xbFoKBnCoLeIjvpeWAbuDPsEny-x303bQ:1vyIV8:ZoNEzFoHyJJcpJYfqcpkW-V7Rf1qDhd16oI1UNr9sWQ", "expire_date": "2026-03-06T00:23:06.329Z"}}, {"model": "sessions.session", "pk": "emx50y0wj9krt2qxkgvgscicc8qq62df", "fields": {"session_data": ".eJxVjDEOgzAMAP_iuYoShzTA2J03IDt2Cm1FJAJT1b9XSAztene6N4y0b9O4V13HWaAHB5dfxpSeuhxCHrTci0ll2daZzZGY01YzFNHX7Wz_BhPVCXrQ2AhypzmHjpIlahljcq5rY3ZBQkYUjmqTZ5VIjtB7q2hDFuVr08DnCwjcOLI:1vyQQK:v9-dn4PnB-r4SNxASlQ-EKCx9Gee79Muvu9gGlZTEYY", "expire_date": "2026-03-06T08:50:40.015Z"}}, {"model": "sessions.session", "pk": "f6lku3kxieh34v3pbiiks5nftb6la1x1", "fields": {"session_data": ".eJxVjDEOgzAMAP_iuYoShzTA2J03IDt2Cm1FJAJT1b9XSAztene6N4y0b9O4V13HWaAHB5dfxpSeuhxCHrTci0ll2daZzZGY01YzFNHX7Wz_BhPVCXrQ2AhypzmHjpIlahljcq5rY3ZBQkYUjmqTZ5VIjtB7q2hDFuVr08DnCwjcOLI:1vzE5a:wCSHTUh5wozAVLI58JvDvtmByP8JwmrXH2kzx35oGW0", "expire_date": "2026-03-08T13:52:34.597Z"}}, {"model": "sessions.session", "pk": "far08d1gfzvnw45zp56lfxuq7j7d5ux6", "fields": {"session_data": ".eJxVjMsOwiAQAP9lz4awLCD26N1vIMtLqgaS0p6M_26a9KDXmcm8wfO2Vr-NvPg5wQQIp18WOD5z20V6cLt3EXtblzmIPRGHHeLWU35dj_ZvUHlUmIAkaoPSmILEWWMwtgSNJWMKlqTO0SVjtWZWzjpSKjKeHREFK9HQBT5fvF82kg:1vxjjc:ZROi8L8GNVLr-jp7hMpYbYpE7PmCOX7o1PHcJDJw6Ug", "expire_date": "2026-03-04T11:15:44.398Z"}}, {"model": "sessions.session", "pk": "fr2s8l6mpc3z24cml62ks09s88dh42vw", "fields": {"session_data": ".eJxVjMsOwiAQRf-FtSE8ihSX7vsNZIYZpGogKe3K-O_apAvd3nPOfYkI21ri1nmJM4mL0OL0uyGkB9cd0B3qrcnU6rrMKHdFHrTLqRE_r4f7d1Cgl2_NfiCDgXN2AZICGNH4pHUYfdaOXDaG0LNKFpk8aDDWKjbKZWI8D4N4fwAI3Diy:1w01EZ:0_akWGqu_OUJcQ8VRr5aZo41nusepmRp8JWE96-KWJg", "expire_date": "2026-03-10T18:21:07.258Z"}}, {"model": "sessions.session", "pk": "gc1r3hpp9luuzysw43v46wk8qws1yp5h", "fields": {"session_data": ".eJxVjDEOgzAMAP_iuYoShzTA2J03IDt2Cm1FJAJT1b9XSAztene6N4y0b9O4V13HWaAHB5dfxpSeuhxCHrTci0ll2daZzZGY01YzFNHX7Wz_BhPVCXrQ2AhypzmHjpIlahljcq5rY3ZBQkYUjmqTZ5VIjtB7q2hDFuVr08DnCwjcOLI:1vydTb:t4e5YXvBmx-AUrHYE5AFn9m16ErEezABUqT9xbyJ_QU", "expire_date": "2026-03-06T22:46:55.685Z"}}, {"model": "sessions.session", "pk": "guht23avytarb97miq1tjwie0o858j25", "fields": {"session_data": ".eJxVjMsOwiAQAP9lz4awLCD26N1vIMtLqgaS0p6M_26a9KDXmcm8wfO2Vr-NvPg5wQQIp18WOD5z20V6cLt3EXtblzmIPRGHHeLWU35dj_ZvUHlUmIAkaoPSmILEWWMwtgSNJWMKlqTO0SVjtWZWzjpSKjKeHREFK9HQBT5fvF82kg:1vxZ1c:giSYbi5km8OsG_B6z7F2EQMiU4Fgp6Cc4r12CeZB7pc", "expire_date": "2026-03-03T23:49:36.442Z"}}, {"model": "sessions.session", "pk": "hs7yyr1eemmymfi7ke3ivg49ltgjz30d", "fields": {"session_data": ".eJxVjM0OgjAQBt9lz6ZhW_ojR-88A_lKtxY1kFA4Gd_dkHDQ68xk3jRg38qwV1mHKVFHhi6_LGJ8ynyI9MB8X9S4zNs6RXUk6rRV9UuS1-1s_wYFtVBHgNcWKUjMgJjWtE4ywwetjWdmjexiYkTdIFsR24QmGI-WE1_daOnzBf7sOBM:1vzc3l:NEAkJHJx8qza8-ZUrLgnwOVAWaPPksd8wKPzfPEvhdY", "expire_date": "2026-03-09T15:28:17.903Z"}}, {"model": "sessions.session", "pk": "hteb4xabojbz4u1rog487nel5u3k6m7v", "fields": {"session_data": ".eJxVjDsOwjAQBe_iGlleZAebkp4zWPvx4gBypDipEHeHSCmgfTPzXibjutS89jLnUczZgDn8boT8KG0Dcsd2myxPbZlHsptid9rtdZLyvOzu30HFXr-1E_LgMbmkXsMpKAOWkBwMSgOTsiuBAyURFY3gHWAKLMcYgaBwMu8P_PI4wQ:1vzj3C:7uAPyEBvsUebDYk1Rj9MeP-lBFqv4M1B_XM6hWdHQAc", "expire_date": "2026-03-09T22:56:10.485Z"}}, {"model": "sessions.session", "pk": "i4emhjdpymmgozgk7jsn8q7iqn6x1t7p", "fields": {"session_data": ".eJxVjMsOwiAQAP9lz4awLCD26N1vIMtLqgaS0p6M_26a9KDXmcm8wfO2Vr-NvPg5wQQIp18WOD5z20V6cLt3EXtblzmIPRGHHeLWU35dj_ZvUHlUmIAkaoPSmILEWWMwtgSNJWMKlqTO0SVjtWZWzjpSKjKeHREFK9HQBT5fvF82kg:1vy91Q:fl9gF3mlclMZTiSY2_yNXr80athypseEE5LPV_cOVKo", "expire_date": "2026-03-05T14:15:48.205Z"}}, {"model": "sessions.session", "pk": "i7x7vdh8helgpi78bt0r5mjcdh23lvhu", "fields": {"session_data": ".eJxVjDEOgzAMAP_iuYoShzTA2J03IDt2Cm1FJAJT1b9XSAztene6N4y0b9O4V13HWaAHB5dfxpSeuhxCHrTci0ll2daZzZGY01YzFNHX7Wz_BhPVCXrQ2AhypzmHjpIlahljcq5rY3ZBQkYUjmqTZ5VIjtB7q2hDFuVr08DnCwjcOLI:1vzkTF:BeqtAanofYLdEOy4JABlMHb_04-uUTC6EoEdQtV2H48", "expire_date": "2026-03-10T00:27:09.765Z"}}, {"model": "sessions.session", "pk": "j19qtprm95no7vwpphutb1w2o9e79nck", "fields": {"session_data": ".eJxVjMsOwiAQRf-FtSE8ihSX7vsNZIYZpGogKe3K-O_apAvd3nPOfYkI21ri1nmJM4mL0OL0uyGkB9cd0B3qrcnU6rrMKHdFHrTLqRE_r4f7d1Cgl2_NfiCDgXN2AZICGNH4pHUYfdaOXDaG0LNKFpk8aDDWKjbKZWI8D4N4fwAI3Diy:1w049R:lgSdvUJHVfFWm5HQCofbb3rFCuyr3ZxMIXHTIB9jb-E", "expire_date": "2026-03-10T21:28:01.919Z"}}, {"model": "sessions.session", "pk": "jsc92dc0e68zpybt2tt20xdb9dmwuo5b", "fields": {"session_data": ".eJxVjMsOwiAQAP9lz4awLCD26N1vIMtLqgaS0p6M_26a9KDXmcm8wfO2Vr-NvPg5wQQIp18WOD5z20V6cLt3EXtblzmIPRGHHeLWU35dj_ZvUHlUmIAkaoPSmILEWWMwtgSNJWMKlqTO0SVjtWZWzjpSKjKeHREFK9HQBT5fvF82kg:1vxYy5:PxMeflZUdYDIq6Vp3Kca52ng__1Xy29L9vY6m4t1sD8", "expire_date": "2026-03-03T23:45:57.823Z"}}, {"model": "sessions.session", "pk": "jvkhnvjac654952bu7pw9uveni54fhms", "fields": {"session_data": ".eJxVzEEOgyAQheG7zNoQQCnqsvuegQzMUGkNNoKrpndvNG7cfv_L-0KYV_fBmjhXlwhG3RxUuJS05INUAw63Ormt8HoIKLiYx_DmvAd6YX4uIiy5rsmLfSLOWsRjIZ7v5_ZyMGGZYAS2HWk_cIxmwCARe69tUGrobVSGTNSavGUZWs9kUaFuW8lamkjsb10Hvz_5JUX6:1vz0u7:aQZLf0TafGiiZJVWHUNfFRu25iNkDBSU6hmOhlizIQ0", "expire_date": "2026-03-07T23:47:51.325Z"}}, {"model": "sessions.session", "pk": "ku6v810zdb23io9toeikkrbepjfg0edm", "fields": {"session_data": ".eJxVjDEOgzAMAP_iuYoShzTA2J03IDt2Cm1FJAJT1b9XSAztene6N4y0b9O4V13HWaAHB5dfxpSeuhxCHrTci0ll2daZzZGY01YzFNHX7Wz_BhPVCXrQ2AhypzmHjpIlahljcq5rY3ZBQkYUjmqTZ5VIjtB7q2hDFuVr08DnCwjcOLI:1vyxYL:viee7lZbOUcznPfLxHPXekI3cOvoV7A2g2LzEfm7pJA", "expire_date": "2026-03-07T20:13:09.736Z"}}, {"model": "sessions.session", "pk": "meguexul3hqgcd5z2hjff11ik0015y9e", "fields": {"session_data": ".eJxVjDEOgzAMAP_iuYoShzTA2J03IDt2Cm1FJAJT1b9XSAztene6N4y0b9O4V13HWaAHB5dfxpSeuhxCHrTci0ll2daZzZGY01YzFNHX7Wz_BhPVCXrQ2AhypzmHjpIlahljcq5rY3ZBQkYUjmqTZ5VIjtB7q2hDFuVr08DnCwjcOLI:1vyXLF:anho2rzEkOpzKgO-keiA5TQQ2XnPtTaud3ybwD5fQ1o", "expire_date": "2026-03-06T16:13:53.060Z"}}, {"model": "sessions.session", "pk": "nwsblkp05a54pwpjyqvofm957pnankza", "fields": {"session_data": ".eJxVjMsOwiAQAP9lz4awLCD26N1vIMtLqgaS0p6M_26a9KDXmcm8wfO2Vr-NvPg5wQQIp18WOD5z20V6cLt3EXtblzmIPRGHHeLWU35dj_ZvUHlUmIAkaoPSmILEWWMwtgSNJWMKlqTO0SVjtWZWzjpSKjKeHREFK9HQBT5fvF82kg:1vvP17:HVEIcLt1Mi4qsYRFT4RDniD7CjfFNQB9KOgM9ivBMhk", "expire_date": "2026-02-26T00:44:09.919Z"}}, {"model": "sessions.session", "pk": "odpf9hinql6z7msldwwh9wrtyfteaf9y", "fields": {"session_data": ".eJxVjDEOgzAMAP_iuYoShzTA2J03IDt2Cm1FJAJT1b9XSAztene6N4y0b9O4V13HWaAHB5dfxpSeuhxCHrTci0ll2daZzZGY01YzFNHX7Wz_BhPVCXrQ2AhypzmHjpIlahljcq5rY3ZBQkYUjmqTZ5VIjtB7q2hDFuVr08DnCwjcOLI:1vzYaL:DC7IWHBp4wSG-yoH4HJsTr0EisDxuVWE7lois4TuBAE", "expire_date": "2026-03-09T11:45:41.210Z"}}, {"model": "sessions.session", "pk": "p39xwsqy73qitnp087essxqgeh8j0ce3", "fields": {"session_data": ".eJxVjMsOwiAQAP9lz4awLCD26N1vIMtLqgaS0p6M_26a9KDXmcm8wfO2Vr-NvPg5wQQIp18WOD5z20V6cLt3EXtblzmIPRGHHeLWU35dj_ZvUHlUmIAkaoPSmILEWWMwtgSNJWMKlqTO0SVjtWZWzjpSKjKeHREFK9HQBT5fvF82kg:1vwsqX:-tk5HSgqxJPxD-vTJY4GQOOZdgLLoL4M-9i2MFkV44I", "expire_date": "2026-03-02T02:47:21.875Z"}}, {"model": "sessions.session", "pk": "p7azrhwqtjlfmrh6mf8t6ds3e2i8614x", "fields": {"session_data": ".eJxVjDEOgzAMAP_iuYoShzTA2J03IDt2Cm1FJAJT1b9XSAztene6N4y0b9O4V13HWaAHB5dfxpSeuhxCHrTci0ll2daZzZGY01YzFNHX7Wz_BhPVCXrQ2AhypzmHjpIlahljcq5rY3ZBQkYUjmqTZ5VIjtB7q2hDFuVr08DnCwjcOLI:1vzrtJ:pbg3f8vB5z6bwZmWarJViFsy089YWncvamOUMR-F9dE", "expire_date": "2026-03-10T08:22:33.332Z"}}, {"model": "sessions.session", "pk": "ph2c3zgrg7lfw8v3jiu2r7nd9qix75dv", "fields": {"session_data": ".eJxVjMsOwiAQAP9lz4awLCD26N1vIMtLqgaS0p6M_26a9KDXmcm8wfO2Vr-NvPg5wQQIp18WOD5z20V6cLt3EXtblzmIPRGHHeLWU35dj_ZvUHlUmIAkaoPSmILEWWMwtgSNJWMKlqTO0SVjtWZWzjpSKjKeHREFK9HQBT5fvF82kg:1vxRT9:1EB53o72JNRJkXA8EY3VF6Z3clpWxVaBTCL6w7giDWg", "expire_date": "2026-03-03T15:45:31.555Z"}}, {"model": "sessions.session", "pk": "q0fsh6z2ppgxuwguaknfjhui5jy9lgwv", "fields": {"session_data": ".eJxVjDEOgzAMAP_iuYoShzTA2J03IDt2Cm1FJAJT1b9XSAztene6N4y0b9O4V13HWaAHB5dfxpSeuhxCHrTci0ll2daZzZGY01YzFNHX7Wz_BhPVCXrQ2AhypzmHjpIlahljcq5rY3ZBQkYUjmqTZ5VIjtB7q2hDFuVr08DnCwjcOLI:1vzxny:WL1PmEyY-JRmWn7PGpPocAo61GFfb1BMXJKUmp_Uny4", "expire_date": "2026-03-10T14:41:26.959Z"}}, {"model": "sessions.session", "pk": "qaujr5zrc1c08tfj6kgw02dgn9kumgig", "fields": {"session_data": ".eJxVjMsOwiAQAP9lz4awLCD26N1vIMtLqgaS0p6M_26a9KDXmcm8wfO2Vr-NvPg5wQQIp18WOD5z20V6cLt3EXtblzmIPRGHHeLWU35dj_ZvUHlUmIAkaoPSmILEWWMwtgSNJWMKlqTO0SVjtWZWzjpSKjKeHREFK9HQBT5fvF82kg:1vxxM8:eRxZCFs3L6-Dl9438HceWMauAmzsmCuRhUIetTZ5m7g", "expire_date": "2026-03-05T01:48:24.126Z"}}, {"model": "sessions.session", "pk": "qqire561eyaknrqvx1kvfh9h64g47si0", "fields": {"session_data": ".eJxVjLsOwjAMAP_FM4rqpE4fIzvfENmOSwuokfqYEP-OKnWA9e50b0i8b2PaV1vSlKEHD5dfJqxPmw-RHzzfi9Myb8sk7kjcaVd3K9le17P9G4y8jtBDJDUvhFqj1y6E2melxgdr4xBISCPW3LAw0sCVCFYBu1aZgsWolcHnC9VON7M:1vyPVx:2cnAIz2vcdR5CebrtsmeGJ1O5V06CkIAr7umx8Vr_5Q", "expire_date": "2026-03-06T07:52:25.785Z"}}, {"model": "sessions.session", "pk": "rwily4ypkaux2l01fga4vkcm92ofn36n", "fields": {"session_data": ".eJxVjMsOwiAQAP9lz4awLCD26N1vIMtLqgaS0p6M_26a9KDXmcm8wfO2Vr-NvPg5wQQIp18WOD5z20V6cLt3EXtblzmIPRGHHeLWU35dj_ZvUHlUmIAkaoPSmILEWWMwtgSNJWMKlqTO0SVjtWZWzjpSKjKeHREFK9HQBT5fvF82kg:1vxmQ0:qnD1WKst65yEDJA5G-MRa6KL0Iigs3NSQSMfCGzTxgM", "expire_date": "2026-03-04T14:07:40.746Z"}}, {"model": "sessions.session", "pk": "si5076ckpax2jms9gcb3t8cgl5mw1wrc", "fields": {"session_data": ".eJxVjDEOgzAMAP_iuYoShzTA2J03IDt2Cm1FJAJT1b9XSAztene6N4y0b9O4V13HWaAHB5dfxpSeuhxCHrTci0ll2daZzZGY01YzFNHX7Wz_BhPVCXrQ2AhypzmHjpIlahljcq5rY3ZBQkYUjmqTZ5VIjtB7q2hDFuVr08DnCwjcOLI:1vzb9H:kSws3So4ovBTFREjKIrs7iTB2m360rQ4j4qcPUydC34", "expire_date": "2026-03-09T14:29:55.867Z"}}, {"model": "sessions.session", "pk": "t4f8njs0wa3dvs14aidhr1o2nmu32qyz", "fields": {"session_data": ".eJxVjDEOgzAMAP_iuYoShzTA2J03IDt2Cm1FJAJT1b9XSAztene6N4y0b9O4V13HWaAHB5dfxpSeuhxCHrTci0ll2daZzZGY01YzFNHX7Wz_BhPVCXrQ2AhypzmHjpIlahljcq5rY3ZBQkYUjmqTZ5VIjtB7q2hDFuVr08DnCwjcOLI:1vyhkd:RvDfEswJoXfdG2SIWJjQSSEgGUefvtDzSzmRB8bHCf8", "expire_date": "2026-03-07T03:20:47.135Z"}}, {"model": "sessions.session", "pk": "u5vofz5gjv64lie4yqi8v7mwi5iv9pdh", "fields": {"session_data": ".eJxVjDEOgzAMAP_iuYoShzTA2J03IDt2Cm1FJAJT1b9XSAztene6N4y0b9O4V13HWaAHB5dfxpSeuhxCHrTci0ll2daZzZGY01YzFNHX7Wz_BhPVCXrQ2AhypzmHjpIlahljcq5rY3ZBQkYUjmqTZ5VIjtB7q2hDFuVr08DnCwjcOLI:1vzkQ4:D_bpK8Pe_ITSz1hc-Z6MGjKUSwLk7I1SoXH6zXAjJlg", "expire_date": "2026-03-10T00:23:52.065Z"}}, {"model": "sessions.session", "pk": "u6jaawu0rhknffkfprats35e1ciuqeo2", "fields": {"session_data": ".eJxVjDEOgzAMAP_iuYoShzTA2J03IDt2Cm1FJAJT1b9XSAztene6N4y0b9O4V13HWaAHB5dfxpSeuhxCHrTci0ll2daZzZGY01YzFNHX7Wz_BhPVCXrQ2AhypzmHjpIlahljcq5rY3ZBQkYUjmqTZ5VIjtB7q2hDFuVr08DnCwjcOLI:1vzMew:88of7rPpATZzpvaNyb64NKqoR-VziUqT5w1rPGf8ioo", "expire_date": "2026-03-08T23:01:38.477Z"}}, {"model": "sessions.session", "pk": "unbd0x7qxdrdy3onofpqtzg99feaw4tt", "fields": {"session_data": ".eJxVjM0OgjAQBt9lz6ZhW_ojR-88A_lKtxY1kFA4Gd_dkHDQ68xk3jRg38qwV1mHKVFHhi6_LGJ8ynyI9MB8X9S4zNs6RXUk6rRV9UuS1-1s_wYFtVBHgNcWKUjMgJjWtE4ywwetjWdmjexiYkTdIFsR24QmGI-WE1_daOnzBf7sOBM:1vzYYl:iiDhfatpPO_6PU4GzyBdXDV8CjDg9gh2j-JwOtgz2ZY", "expire_date": "2026-03-09T11:44:03.387Z"}}, {"model": "sessions.session", "pk": "v4k6bjeg4ab3gn456qzc76g4x0f0iuvb", "fields": {"session_data": ".eJxVjMsOwiAQAP9lz4awLCD26N1vIMtLqgaS0p6M_26a9KDXmcm8wfO2Vr-NvPg5wQQIp18WOD5z20V6cLt3EXtblzmIPRGHHeLWU35dj_ZvUHlUmIAkaoPSmILEWWMwtgSNJWMKlqTO0SVjtWZWzjpSKjKeHREFK9HQBT5fvF82kg:1vx2eu:GxSrh38WRF0oNal4PLynLbF5J-4zfC5XYFt1KacLGsc", "expire_date": "2026-03-02T13:16:00.167Z"}}, {"model": "sessions.session", "pk": "v7nafjq3vmrpqwo4p85q1aqkuixho32f", "fields": {"session_data": ".eJxVjDEOgzAMAP_iuYoShzTA2J03IDt2Cm1FJAJT1b9XSAztene6N4y0b9O4V13HWaAHB5dfxpSeuhxCHrTci0ll2daZzZGY01YzFNHX7Wz_BhPVCXrQ2AhypzmHjpIlahljcq5rY3ZBQkYUjmqTZ5VIjtB7q2hDFuVr08DnCwjcOLI:1vzcna:vjdIkC6yyrlQdM0sgzoLret90Bq0tJZHiuz7FCTSzVk", "expire_date": "2026-03-09T16:15:38.078Z"}}, {"model": "sessions.session", "pk": "vcbz9nqxzdx8lvop9k7y7evp95mlgb5i", "fields": {"session_data": ".eJxVjDEOgzAMAP_iuYoShzTA2J03IDt2Cm1FJAJT1b9XSAztene6N4y0b9O4V13HWaAHB5dfxpSeuhxCHrTci0ll2daZzZGY01YzFNHX7Wz_BhPVCXrQ2AhypzmHjpIlahljcq5rY3ZBQkYUjmqTZ5VIjtB7q2hDFuVr08DnCwjcOLI:1vzWVU:4_30gcw5VjXABNGigP0PkJ69rN4UidQSg3i62GYvnvQ", "expire_date": "2026-03-09T09:32:32.647Z"}}, {"model": "sessions.session", "pk": "wtrjuyjjxact2t06kd2lzdutm271tb8m", "fields": {"session_data": ".eJxVjMsOwiAQRf-FtSE8ihSX7vsNZIYZpGogKe3K-O_apAvd3nPOfYkI21ri1nmJM4mL0OL0uyGkB9cd0B3qrcnU6rrMKHdFHrTLqRE_r4f7d1Cgl2_NfiCDgXN2AZICGNH4pHUYfdaOXDaG0LNKFpk8aDDWKjbKZWI8D4N4fwAI3Diy:1vzzdM:vCBnrQuB-zgEX2BixvqYrjpWKOzL65dTGL350oEUVYo", "expire_date": "2026-03-10T16:38:36.092Z"}}, {"model": "sessions.session", "pk": "xiin48pf3w50ele31bc1gh7e3glq15vz", "fields": {"session_data": ".eJxVjM0OgjAQBt9lz6ZhW_ojR-88A_lKtxY1kFA4Gd_dkHDQ68xk3jRg38qwV1mHKVFHhi6_LGJ8ynyI9MB8X9S4zNs6RXUk6rRV9UuS1-1s_wYFtVBHgNcWKUjMgJjWtE4ywwetjWdmjexiYkTdIFsR24QmGI-WE1_daOnzBf7sOBM:1vzMfG:Lsryq03u0hO_OWvZcziBRflWff5geEURgeuezPLlPXU", "expire_date": "2026-03-08T23:01:58.736Z"}}, {"model": "sessions.session", "pk": "y2r4igpndk2xu7hk4mh2bnet8r48n223", "fields": {"session_data": ".eJxVjMsKwjAQAP9lzxKyktSmR-9-Q9lH1lQlhaY9if8uhR70OjPMG0ba1jJuLS_jpDAAwumXMckz113og-p9djLXdZnY7Yk7bHO3WfPrerR_g0KtwABeOWCg5JMFi5dogpRj8tgZd8ImPkeJnFRNrcfgkVIUPfc9MmZJ8PkC_PI4wQ:1vzkAQ:fDJD_inUkbskB82fu1HrHTkhSipX4O4ZJWsH2SrM3pk", "expire_date": "2026-03-10T00:07:42.463Z"}}, {"model": "sessions.session", "pk": "z0l3yvnv7oymzkwrd8yu7my45i5c21op", "fields": {"session_data": ".eJxVjDsOwjAQBe_iGlleZAebkp4zWPvx4gBypDipEHeHSCmgfTPzXibjutS89jLnUczZgDn8boT8KG0Dcsd2myxPbZlHsptid9rtdZLyvOzu30HFXr-1E_LgMbmkXsMpKAOWkBwMSgOTsiuBAyURFY3gHWAKLMcYgaBwMu8P_PI4wQ:1vzj7q:yqXSDWkS2mWUSFY_CjaIc3hLbEvFZ-gMRwfS5dgnOis", "expire_date": "2026-03-09T23:00:58.720Z"}}, {"model": "sessions.session", "pk": "zgi8s8455ggl68z6rht0abj4kg729ijv", "fields": {"session_data": ".eJxVjDEOgzAMAP_iuYoShzTA2J03IDt2Cm1FJAJT1b9XSAztene6N4y0b9O4V13HWaAHB5dfxpSeuhxCHrTci0ll2daZzZGY01YzFNHX7Wz_BhPVCXrQ2AhypzmHjpIlahljcq5rY3ZBQkYUjmqTZ5VIjtB7q2hDFuVr08DnCwjcOLI:1vywAo:5OxrbeTDZxj8Ei-OJqAteNOV_fbRgumtWJ64E_m62mM", "expire_date": "2026-03-07T18:44:46.880Z"}}, {"model": "sessions.session", "pk": "zh2blmbcdmj93kqpj13ausb5gxbsqhgu", "fields": {"session_data": ".eJxVjMsOwiAQAP9lz4awLCD26N1vIMtLqgaS0p6M_26a9KDXmcm8wfO2Vr-NvPg5wQQIp18WOD5z20V6cLt3EXtblzmIPRGHHeLWU35dj_ZvUHlUmIAkaoPSmILEWWMwtgSNJWMKlqTO0SVjtWZWzjpSKjKeHREFK9HQBT5fvF82kg:1vy76T:Af0DLFktweSBgd5Rb-d9lNz-H11KbQeVOKkRV4lktf4", "expire_date": "2026-03-05T12:12:53.360Z"}}, {"model": "accounts.systemmodule", "pk": 1, "fields": {"name": "Dashboard", "slug": "dashboard", "description": "", "icon": "fa-home", "parent": null, "sort_order": 1, "is_active": true, "created_at": "2026-03-02T01:43:13.073Z"}}, {"model": "accounts.systemmodule", "pk": 3, "fields": {"name": "Appointments", "slug": "appointments", "description": "", "icon": "📅", "parent": null, "sort_order": 3, "is_active": true, "created_at": "2026-03-02T01:43:13.084Z"}}, {"model": "accounts.systemmodule", "pk": 4, "fields": {"name": "Consultations", "slug": "consultations", "description": "", "icon": "🔬", "parent": null, "sort_order": 4, "is_active": true, "created_at": "2026-03-02T01:43:13.088Z"}}, {"model": "accounts.systemmodule", "pk": 5, "fields": {"name": "Prescriptions", "slug": "prescriptions", "description": "", "icon": "📋", "parent": null, "sort_order": 5, "is_active": true, "created_at": "2026-03-02T01:43:13.093Z"}}, {"model": "accounts.systemmodule", "pk": 7, "fields": {"name": "Dispensing", "slug": "dispensing", "description": "", "icon": "🏥", "parent": null, "sort_order": 7, "is_active": true, "created_at": "2026-03-02T01:43:13.103Z"}}, {"model": "accounts.systemmodule", "pk": 9, "fields": {"name": "Laboratory", "slug": "laboratory", "description": "", "icon": "🧪", "parent": null, "sort_order": 9, "is_active": true, "created_at": "2026-03-02T01:43:13.113Z"}}, {"model": "accounts.systemmodule", "pk": 12, "fields": {"name": "Reports & Analytics", "slug": "reports", "description": "", "icon": "📊", "parent": null, "sort_order": 12, "is_active": true, "created_at": "2026-03-02T01:43:13.139Z"}}, {"model": "accounts.systemmodule", "pk": 15, "fields": {"name": "Equipment Inventory", "slug": "equipment-inventory", "description": "", "icon": "fa-tools", "parent": null, "sort_order": 15, "is_active": true, "created_at": "2026-03-02T01:43:13.171Z"}}, {"model": "accounts.systemmodule", "pk": 17, "fields": {"name": "Audit Trail", "slug": "audit-trail", "description": "", "icon": "fa-history", "parent": null, "sort_order": 17, "is_active": true, "created_at": "2026-03-02T01:43:13.185Z"}}, {"model": "accounts.systemmodule", "pk": 18, "fields": {"name": "Patient Records", "slug": "patients", "description": "", "icon": "🩺", "parent": null, "sort_order": 0, "is_active": true, "created_at": "2026-03-08T21:28:26.174Z"}}, {"model": "accounts.systemmodule", "pk": 19, "fields": {"name": "Ward Management", "slug": "wards", "description": "", "icon": "🛏", "parent": null, "sort_order": 0, "is_active": true, "created_at": "2026-03-08T22:11:12.117Z"}}, {"model": "accounts.systemmodule", "pk": 20, "fields": {"name": "Drug Inventory", "slug": "inventory", "description": "", "icon": "💊", "parent": null, "sort_order": 0, "is_active": true, "created_at": "2026-03-08T22:11:12.126Z"}}, {"model": "accounts.systemmodule", "pk": 21, "fields": {"name": "Medical Clearance", "slug": "clearance", "description": "", "icon": "🎓", "parent": null, "sort_order": 0, "is_active": true, "created_at": "2026-03-08T22:11:12.140Z"}}, {"model": "accounts.systemmodule", "pk": 22, "fields": {"name": "Official Documents", "slug": "documents", "description": "", "icon": "📄", "parent": null, "sort_order": 0, "is_active": true, "created_at": "2026-03-08T22:11:12.146Z"}}, {"model": "accounts.systemmodule", "pk": 23, "fields": {"name": "User Management", "slug": "users", "description": "", "icon": "👥", "parent": null, "sort_order": 0, "is_active": true, "created_at": "2026-03-08T22:11:12.157Z"}}, {"model": "accounts.systemmodule", "pk": 24, "fields": {"name": "Role Permissions", "slug": "roles", "description": "", "icon": "🛡", "parent": null, "sort_order": 0, "is_active": true, "created_at": "2026-03-08T22:11:12.163Z"}}, {"model": "accounts.systemmodule", "pk": 25, "fields": {"name": "System Settings", "slug": "settings", "description": "", "icon": "⚙", "parent": null, "sort_order": 0, "is_active": true, "created_at": "2026-03-08T22:11:12.170Z"}}, {"model": "accounts.role", "pk": 1, "fields": {"name": "Super Admin", "slug": "super-admin", "description": "Full unrestricted access", "is_system_role": true, "is_active": true, "created_by": null, "created_at": "2026-03-02T01:43:13.021Z", "updated_at": "2026-03-02T01:43:13.021Z"}}, {"model": "accounts.role", "pk": 2, "fields": {"name": "Doctor", "slug": "doctor", "description": "Clinical consultations and prescriptions", "is_system_role": true, "is_active": true, "created_by": null, "created_at": "2026-03-02T01:43:13.030Z", "updated_at": "2026-03-02T01:43:13.030Z"}}, {"model": "accounts.role", "pk": 3, "fields": {"name": "Nurse", "slug": "nurse", "description": "Patient care and ward management", "is_system_role": true, "is_active": true, "created_by": null, "created_at": "2026-03-02T01:43:13.036Z", "updated_at": "2026-03-02T01:43:13.036Z"}}, {"model": "accounts.role", "pk": 4, "fields": {"name": "Pharmacist", "slug": "pharmacist", "description": "Drug inventory and dispensing", "is_system_role": true, "is_active": true, "created_by": null, "created_at": "2026-03-02T01:43:13.042Z", "updated_at": "2026-03-02T01:43:13.042Z"}}, {"model": "accounts.role", "pk": 5, "fields": {"name": "Management", "slug": "management", "description": "Reports and analytics only", "is_system_role": true, "is_active": true, "created_by": null, "created_at": "2026-03-02T01:43:13.047Z", "updated_at": "2026-03-02T01:43:13.047Z"}}, {"model": "accounts.role", "pk": 6, "fields": {"name": "QA Team", "slug": "qa-team", "description": "Read-only audit access", "is_system_role": true, "is_active": true, "created_by": null, "created_at": "2026-03-02T01:43:13.052Z", "updated_at": "2026-03-02T01:43:13.052Z"}}, {"model": "accounts.role", "pk": 7, "fields": {"name": "ICT Admin", "slug": "ict-admin", "description": "System settings and user management", "is_system_role": true, "is_active": true, "created_by": null, "created_at": "2026-03-02T01:43:13.056Z", "updated_at": "2026-03-02T01:43:13.056Z"}}, {"model": "accounts.rolepermission", "pk": 18, "fields": {"role": 2, "module": 18, "can_view": true, "can_create": false, "can_edit": false, "can_delete": false, "can_export": false, "created_at": "2026-03-08T21:48:12.525Z", "updated_at": "2026-03-09T13:37:53.213Z"}}, {"model": "accounts.rolepermission", "pk": 19, "fields": {"role": 2, "module": 1, "can_view": true, "can_create": true, "can_edit": true, "can_delete": true, "can_export": true, "created_at": "2026-03-08T21:48:12.538Z", "updated_at": "2026-03-09T13:37:53.337Z"}}, {"model": "accounts.rolepermission", "pk": 21, "fields": {"role": 2, "module": 3, "can_view": false, "can_create": false, "can_edit": false, "can_delete": false, "can_export": false, "created_at": "2026-03-08T21:48:12.558Z", "updated_at": "2026-03-09T13:37:53.352Z"}}, {"model": "accounts.rolepermission", "pk": 22, "fields": {"role": 2, "module": 4, "can_view": false, "can_create": false, "can_edit": false, "can_delete": false, "can_export": false, "created_at": "2026-03-08T21:48:12.566Z", "updated_at": "2026-03-09T13:37:53.365Z"}}, {"model": "accounts.rolepermission", "pk": 23, "fields": {"role": 2, "module": 5, "can_view": false, "can_create": false, "can_edit": false, "can_delete": false, "can_export": false, "created_at": "2026-03-08T21:48:12.576Z", "updated_at": "2026-03-09T13:37:53.379Z"}}, {"model": "accounts.rolepermission", "pk": 25, "fields": {"role": 2, "module": 7, "can_view": false, "can_create": false, "can_edit": false, "can_delete": false, "can_export": false, "created_at": "2026-03-08T21:48:12.597Z", "updated_at": "2026-03-09T13:37:53.393Z"}}, {"model": "accounts.rolepermission", "pk": 27, "fields": {"role": 2, "module": 9, "can_view": false, "can_create": false, "can_edit": false, "can_delete": false, "can_export": false, "created_at": "2026-03-08T21:48:12.617Z", "updated_at": "2026-03-09T13:37:53.408Z"}}, {"model": "accounts.rolepermission", "pk": 30, "fields": {"role": 2, "module": 12, "can_view": false, "can_create": false, "can_edit": false, "can_delete": false, "can_export": false, "created_at": "2026-03-08T21:48:12.647Z", "updated_at": "2026-03-09T13:37:53.421Z"}}, {"model": "accounts.rolepermission", "pk": 33, "fields": {"role": 2, "module": 15, "can_view": true, "can_create": true, "can_edit": true, "can_delete": true, "can_export": true, "created_at": "2026-03-08T21:48:12.678Z", "updated_at": "2026-03-09T13:37:53.435Z"}}, {"model": "accounts.rolepermission", "pk": 35, "fields": {"role": 2, "module": 17, "can_view": false, "can_create": false, "can_edit": false, "can_delete": false, "can_export": false, "created_at": "2026-03-08T21:48:12.699Z", "updated_at": "2026-03-09T13:37:53.447Z"}}, {"model": "accounts.rolepermission", "pk": 54, "fields": {"role": 3, "module": 18, "can_view": true, "can_create": true, "can_edit": true, "can_delete": true, "can_export": true, "created_at": "2026-03-08T22:03:49.691Z", "updated_at": "2026-03-08T22:03:49.706Z"}}, {"model": "accounts.rolepermission", "pk": 55, "fields": {"role": 3, "module": 1, "can_view": false, "can_create": false, "can_edit": false, "can_delete": false, "can_export": false, "created_at": "2026-03-08T22:03:49.722Z", "updated_at": "2026-03-08T22:03:49.726Z"}}, {"model": "accounts.rolepermission", "pk": 57, "fields": {"role": 3, "module": 3, "can_view": false, "can_create": false, "can_edit": false, "can_delete": false, "can_export": false, "created_at": "2026-03-08T22:03:49.742Z", "updated_at": "2026-03-08T22:03:49.746Z"}}, {"model": "accounts.rolepermission", "pk": 58, "fields": {"role": 3, "module": 4, "can_view": false, "can_create": false, "can_edit": false, "can_delete": false, "can_export": false, "created_at": "2026-03-08T22:03:49.752Z", "updated_at": "2026-03-08T22:03:49.756Z"}}, {"model": "accounts.rolepermission", "pk": 59, "fields": {"role": 3, "module": 5, "can_view": false, "can_create": false, "can_edit": false, "can_delete": false, "can_export": false, "created_at": "2026-03-08T22:03:49.762Z", "updated_at": "2026-03-08T22:03:49.767Z"}}, {"model": "accounts.rolepermission", "pk": 61, "fields": {"role": 3, "module": 7, "can_view": false, "can_create": false, "can_edit": false, "can_delete": false, "can_export": false, "created_at": "2026-03-08T22:03:49.783Z", "updated_at": "2026-03-08T22:03:49.787Z"}}, {"model": "accounts.rolepermission", "pk": 63, "fields": {"role": 3, "module": 9, "can_view": false, "can_create": false, "can_edit": false, "can_delete": false, "can_export": false, "created_at": "2026-03-08T22:03:49.804Z", "updated_at": "2026-03-08T22:03:49.809Z"}}, {"model": "accounts.rolepermission", "pk": 66, "fields": {"role": 3, "module": 12, "can_view": false, "can_create": false, "can_edit": false, "can_delete": false, "can_export": false, "created_at": "2026-03-08T22:03:49.835Z", "updated_at": "2026-03-08T22:03:49.840Z"}}, {"model": "accounts.rolepermission", "pk": 69, "fields": {"role": 3, "module": 15, "can_view": false, "can_create": false, "can_edit": false, "can_delete": false, "can_export": false, "created_at": "2026-03-08T22:03:49.867Z", "updated_at": "2026-03-08T22:03:49.871Z"}}, {"model": "accounts.rolepermission", "pk": 71, "fields": {"role": 3, "module": 17, "can_view": false, "can_create": false, "can_edit": false, "can_delete": false, "can_export": false, "created_at": "2026-03-08T22:03:49.887Z", "updated_at": "2026-03-08T22:03:49.891Z"}}, {"model": "accounts.rolepermission", "pk": 72, "fields": {"role": 7, "module": 18, "can_view": false, "can_create": false, "can_edit": false, "can_delete": false, "can_export": false, "created_at": "2026-03-08T22:06:22.163Z", "updated_at": "2026-03-09T14:58:10.906Z"}}, {"model": "accounts.rolepermission", "pk": 73, "fields": {"role": 7, "module": 1, "can_view": false, "can_create": false, "can_edit": false, "can_delete": false, "can_export": false, "created_at": "2026-03-08T22:06:22.191Z", "updated_at": "2026-03-09T14:58:10.956Z"}}, {"model": "accounts.rolepermission", "pk": 75, "fields": {"role": 7, "module": 3, "can_view": false, "can_create": false, "can_edit": false, "can_delete": false, "can_export": false, "created_at": "2026-03-08T22:06:22.215Z", "updated_at": "2026-03-09T14:58:10.965Z"}}, {"model": "accounts.rolepermission", "pk": 76, "fields": {"role": 7, "module": 4, "can_view": false, "can_create": false, "can_edit": false, "can_delete": false, "can_export": false, "created_at": "2026-03-08T22:06:22.226Z", "updated_at": "2026-03-09T14:58:10.975Z"}}, {"model": "accounts.rolepermission", "pk": 77, "fields": {"role": 7, "module": 5, "can_view": false, "can_create": false, "can_edit": false, "can_delete": false, "can_export": false, "created_at": "2026-03-08T22:06:22.235Z", "updated_at": "2026-03-09T14:58:10.987Z"}}, {"model": "accounts.rolepermission", "pk": 79, "fields": {"role": 7, "module": 7, "can_view": false, "can_create": false, "can_edit": false, "can_delete": false, "can_export": false, "created_at": "2026-03-08T22:06:22.258Z", "updated_at": "2026-03-09T14:58:10.997Z"}}, {"model": "accounts.rolepermission", "pk": 81, "fields": {"role": 7, "module": 9, "can_view": false, "can_create": false, "can_edit": false, "can_delete": false, "can_export": false, "created_at": "2026-03-08T22:06:22.277Z", "updated_at": "2026-03-09T14:58:11.007Z"}}, {"model": "accounts.rolepermission", "pk": 84, "fields": {"role": 7, "module": 12, "can_view": false, "can_create": false, "can_edit": false, "can_delete": false, "can_export": false, "created_at": "2026-03-08T22:06:22.313Z", "updated_at": "2026-03-09T14:58:11.017Z"}}, {"model": "accounts.rolepermission", "pk": 87, "fields": {"role": 7, "module": 15, "can_view": false, "can_create": false, "can_edit": false, "can_delete": false, "can_export": false, "created_at": "2026-03-08T22:06:22.341Z", "updated_at": "2026-03-09T14:58:11.026Z"}}, {"model": "accounts.rolepermission", "pk": 89, "fields": {"role": 7, "module": 17, "can_view": false, "can_create": false, "can_edit": false, "can_delete": false, "can_export": false, "created_at": "2026-03-08T22:06:22.359Z", "updated_at": "2026-03-09T14:58:11.036Z"}}, {"model": "accounts.rolepermission", "pk": 90, "fields": {"role": 7, "module": 20, "can_view": false, "can_create": false, "can_edit": false, "can_delete": false, "can_export": false, "created_at": "2026-03-08T22:12:41.087Z", "updated_at": "2026-03-09T14:58:10.866Z"}}, {"model": "accounts.rolepermission", "pk": 91, "fields": {"role": 7, "module": 21, "can_view": true, "can_create": true, "can_edit": true, "can_delete": true, "can_export": true, "created_at": "2026-03-08T22:12:41.108Z", "updated_at": "2026-03-09T14:58:10.887Z"}}, {"model": "accounts.rolepermission", "pk": 92, "fields": {"role": 7, "module": 22, "can_view": false, "can_create": false, "can_edit": false, "can_delete": false, "can_export": false, "created_at": "2026-03-08T22:12:41.125Z", "updated_at": "2026-03-09T14:58:10.896Z"}}, {"model": "accounts.rolepermission", "pk": 93, "fields": {"role": 7, "module": 24, "can_view": false, "can_create": false, "can_edit": false, "can_delete": false, "can_export": false, "created_at": "2026-03-08T22:12:41.140Z", "updated_at": "2026-03-09T14:58:10.917Z"}}, {"model": "accounts.rolepermission", "pk": 94, "fields": {"role": 7, "module": 25, "can_view": false, "can_create": false, "can_edit": false, "can_delete": false, "can_export": false, "created_at": "2026-03-08T22:12:41.151Z", "updated_at": "2026-03-09T14:58:10.926Z"}}, {"model": "accounts.rolepermission", "pk": 95, "fields": {"role": 7, "module": 23, "can_view": false, "can_create": false, "can_edit": false, "can_delete": false, "can_export": false, "created_at": "2026-03-08T22:12:41.161Z", "updated_at": "2026-03-09T14:58:10.936Z"}}, {"model": "accounts.rolepermission", "pk": 96, "fields": {"role": 7, "module": 19, "can_view": false, "can_create": false, "can_edit": false, "can_delete": false, "can_export": false, "created_at": "2026-03-08T22:12:41.172Z", "updated_at": "2026-03-09T14:58:10.946Z"}}, {"model": "accounts.rolepermission", "pk": 97, "fields": {"role": 2, "module": 20, "can_view": false, "can_create": false, "can_edit": false, "can_delete": false, "can_export": false, "created_at": "2026-03-09T13:37:53.138Z", "updated_at": "2026-03-09T13:37:53.159Z"}}, {"model": "accounts.rolepermission", "pk": 98, "fields": {"role": 2, "module": 21, "can_view": false, "can_create": false, "can_edit": false, "can_delete": false, "can_export": false, "created_at": "2026-03-09T13:37:53.173Z", "updated_at": "2026-03-09T13:37:53.181Z"}}, {"model": "accounts.rolepermission", "pk": 99, "fields": {"role": 2, "module": 22, "can_view": false, "can_create": false, "can_edit": false, "can_delete": false, "can_export": false, "created_at": "2026-03-09T13:37:53.194Z", "updated_at": "2026-03-09T13:37:53.201Z"}}, {"model": "accounts.rolepermission", "pk": 100, "fields": {"role": 2, "module": 24, "can_view": false, "can_create": false, "can_edit": false, "can_delete": false, "can_export": false, "created_at": "2026-03-09T13:37:53.228Z", "updated_at": "2026-03-09T13:37:53.243Z"}}, {"model": "accounts.rolepermission", "pk": 101, "fields": {"role": 2, "module": 25, "can_view": false, "can_create": false, "can_edit": false, "can_delete": false, "can_export": false, "created_at": "2026-03-09T13:37:53.257Z", "updated_at": "2026-03-09T13:37:53.266Z"}}, {"model": "accounts.rolepermission", "pk": 102, "fields": {"role": 2, "module": 23, "can_view": false, "can_create": false, "can_edit": false, "can_delete": false, "can_export": false, "created_at": "2026-03-09T13:37:53.284Z", "updated_at": "2026-03-09T13:37:53.298Z"}}, {"model": "accounts.rolepermission", "pk": 103, "fields": {"role": 2, "module": 19, "can_view": false, "can_create": false, "can_edit": false, "can_delete": false, "can_export": false, "created_at": "2026-03-09T13:37:53.314Z", "updated_at": "2026-03-09T13:37:53.323Z"}}, {"model": "accounts.user", "pk": 1, "fields": {"password": "pbkdf2_sha256$1200000$HNJ4HdTqdpS5b7oaWxArNC$0yb8WMAC7izYpMG8XnsWzt/XQfS1WGcQARZ5q7S4Zk4=", "last_login": "2026-03-10T14:11:09.882Z", "is_superuser": true, "staff_id": null, "first_name": "Vaisah", "last_name": "Zirra", "other_names": "Peter", "email": "vaisahzirra7@gmail.com", "phone": "", "role": 1, "department": "", "job_title": "", "qualification": "", "reg_number": "", "profile_photo": "", "digital_signature": "", "gender": "Male", "date_of_birth": null, "date_joined": null, "is_active": true, "is_staff": true, "is_verified": true, "must_change_password": false, "last_login_ip": "127.0.0.1", "created_by": null, "created_at": "2026-02-26T00:10:54.610Z", "updated_at": "2026-03-07T23:16:58.830Z", "groups": [], "user_permissions": []}}, {"model": "accounts.user", "pk": 2, "fields": {"password": "pbkdf2_sha256$1200000$Q5BkCDXJV60B2Aji2pSdqp$wnL9AX4H++W0GwbSEqqLaQcr62UEXDlmIqYzLHxIOCI=", "last_login": "2026-03-06T07:21:52.225Z", "is_superuser": false, "staff_id": "NEU/ST/00000", "first_name": "Test", "last_name": "User 1", "other_names": "", "email": "test@neu.edu.ng", "phone": "08100000000", "role": 3, "department": "", "job_title": "ICT Admin", "qualification": "", "reg_number": "", "profile_photo": "", "digital_signature": "", "gender": "Male", "date_of_birth": null, "date_joined": null, "is_active": true, "is_staff": true, "is_verified": false, "must_change_password": false, "last_login_ip": "127.0.0.1", "created_by": 1, "created_at": "2026-03-04T10:43:41.962Z", "updated_at": "2026-03-06T07:18:48.131Z", "groups": [], "user_permissions": []}}, {"model": "accounts.user", "pk": 3, "fields": {"password": "pbkdf2_sha256$1200000$HFo3ONimQIBVIiSXh2r62R$RskW6lqYYjXJs+kIeVaIegI8XG9kREFuHwE2Y2DIYF0=", "last_login": "2026-03-09T16:44:25.002Z", "is_superuser": false, "staff_id": "NEU/ST/00001", "first_name": "DEMO", "last_name": "DOCTOR", "other_names": "", "email": "demodoc@neu.edu.ng", "phone": "08100000003", "role": 7, "department": "GENERAL", "job_title": "DOCTOR", "qualification": "MBBS", "reg_number": "MDCN000", "profile_photo": "", "digital_signature": "", "gender": "Male", "date_of_birth": null, "date_joined": null, "is_active": true, "is_staff": false, "is_verified": false, "must_change_password": false, "last_login_ip": "127.0.0.1", "created_by": 1, "created_at": "2026-03-05T12:36:48.624Z", "updated_at": "2026-03-08T22:06:06.460Z", "groups": [], "user_permissions": []}}, {"model": "accounts.user", "pk": 4, "fields": {"password": "pbkdf2_sha256$1200000$V6vKrBqHTzlJbFAsnYGLUs$pX9CBUqcmJ7HcfZk5/ewaf04kvZOCXalwW3lk/+VrzM=", "last_login": "2026-03-11T10:05:15.270Z", "is_superuser": false, "staff_id": "NEU/DM/00003", "first_name": "Abubakar", "last_name": "Sadiq", "other_names": "Ibrahim", "email": "abubakarsadiqibrahim4321@gmail.com", "phone": "", "role": 7, "department": "", "job_title": "", "qualification": "", "reg_number": "", "profile_photo": "", "digital_signature": "", "gender": "Male", "date_of_birth": null, "date_joined": null, "is_active": false, "is_staff": true, "is_verified": false, "must_change_password": false, "last_login_ip": "102.91.103.49", "created_by": 1, "created_at": "2026-03-10T17:35:04.382Z", "updated_at": "2026-03-10T17:42:39.795Z", "groups": [], "user_permissions": []}}, {"model": "accounts.loginaudit", "pk": 1, "fields": {"user": 1, "attempted_email": "vaisahzirra7@gmail.com", "ip_address": "127.0.0.1", "user_agent": "", "status": "success", "failure_reason": "", "created_at": "2026-03-02T02:04:11.469Z"}}, {"model": "accounts.loginaudit", "pk": 2, "fields": {"user": 1, "attempted_email": "vaisahzirra7@gmail.com", "ip_address": "127.0.0.1", "user_agent": "", "status": "success", "failure_reason": "", "created_at": "2026-03-02T02:16:11.905Z"}}, {"model": "accounts.loginaudit", "pk": 3, "fields": {"user": 1, "attempted_email": "vaisahzirra7@gmail.com", "ip_address": "127.0.0.1", "user_agent": "", "status": "success", "failure_reason": "", "created_at": "2026-03-02T02:17:21.770Z"}}, {"model": "accounts.loginaudit", "pk": 4, "fields": {"user": 1, "attempted_email": "vaisahzirra7@gmail.com", "ip_address": "127.0.0.1", "user_agent": "", "status": "success", "failure_reason": "", "created_at": "2026-03-02T12:19:58.773Z"}}, {"model": "accounts.loginaudit", "pk": 5, "fields": {"user": 1, "attempted_email": "vaisahzirra7@gmail.com", "ip_address": "127.0.0.1", "user_agent": "", "status": "success", "failure_reason": "", "created_at": "2026-03-03T12:10:46.840Z"}}, {"model": "accounts.loginaudit", "pk": 6, "fields": {"user": 1, "attempted_email": "vaisahzirra7@gmail.com", "ip_address": "127.0.0.1", "user_agent": "", "status": "success", "failure_reason": "", "created_at": "2026-03-03T12:37:36.733Z"}}, {"model": "accounts.loginaudit", "pk": 7, "fields": {"user": 1, "attempted_email": "vaisahzirra7@gmail.com", "ip_address": "127.0.0.1", "user_agent": "", "status": "success", "failure_reason": "", "created_at": "2026-03-03T15:15:31.517Z"}}, {"model": "accounts.loginaudit", "pk": 8, "fields": {"user": 1, "attempted_email": "vaisahzirra7@gmail.com", "ip_address": "127.0.0.1", "user_agent": "", "status": "success", "failure_reason": "", "created_at": "2026-03-03T22:27:44.274Z"}}, {"model": "accounts.loginaudit", "pk": 9, "fields": {"user": 1, "attempted_email": "vaisahzirra7@gmail.com", "ip_address": "127.0.0.1", "user_agent": "", "status": "success", "failure_reason": "", "created_at": "2026-03-03T23:03:40.195Z"}}, {"model": "accounts.loginaudit", "pk": 10, "fields": {"user": null, "attempted_email": "ddd@gmail.com", "ip_address": "127.0.0.1", "user_agent": "", "status": "failed", "failure_reason": "Invalid credentials", "created_at": "2026-03-03T23:19:18.080Z"}}, {"model": "accounts.loginaudit", "pk": 11, "fields": {"user": 1, "attempted_email": "vaisahzirra7@gmail.com", "ip_address": "127.0.0.1", "user_agent": "", "status": "success", "failure_reason": "", "created_at": "2026-03-03T23:19:36.383Z"}}, {"model": "accounts.loginaudit", "pk": 12, "fields": {"user": 1, "attempted_email": "vaisahzirra7@gmail.com", "ip_address": "127.0.0.1", "user_agent": "", "status": "success", "failure_reason": "", "created_at": "2026-03-04T10:15:43.424Z"}}, {"model": "accounts.loginaudit", "pk": 13, "fields": {"user": 1, "attempted_email": "vaisahzirra7@gmail.com", "ip_address": "127.0.0.1", "user_agent": "", "status": "success", "failure_reason": "", "created_at": "2026-03-04T13:28:04.054Z"}}, {"model": "accounts.loginaudit", "pk": 14, "fields": {"user": 1, "attempted_email": "vaisahzirra7@gmail.com", "ip_address": "127.0.0.1", "user_agent": "", "status": "success", "failure_reason": "", "created_at": "2026-03-04T14:09:09.957Z"}}, {"model": "accounts.loginaudit", "pk": 15, "fields": {"user": 1, "attempted_email": "vaisahzirra7@gmail.com", "ip_address": "127.0.0.1", "user_agent": "", "status": "success", "failure_reason": "", "created_at": "2026-03-05T00:09:40.323Z"}}, {"model": "accounts.loginaudit", "pk": 16, "fields": {"user": 1, "attempted_email": "vaisahzirra7@gmail.com", "ip_address": "127.0.0.1", "user_agent": "", "status": "success", "failure_reason": "", "created_at": "2026-03-05T11:39:50.966Z"}}, {"model": "accounts.loginaudit", "pk": 17, "fields": {"user": 1, "attempted_email": "vaisahzirra7@gmail.com", "ip_address": "127.0.0.1", "user_agent": "", "status": "success", "failure_reason": "", "created_at": "2026-03-05T12:20:03.615Z"}}, {"model": "accounts.loginaudit", "pk": 18, "fields": {"user": 3, "attempted_email": "demodoc@neu.edu.ng", "ip_address": "127.0.0.1", "user_agent": "", "status": "success", "failure_reason": "", "created_at": "2026-03-05T12:37:08.033Z"}}, {"model": "accounts.loginaudit", "pk": 19, "fields": {"user": 1, "attempted_email": "vaisahzirra7@gmail.com", "ip_address": "127.0.0.1", "user_agent": "", "status": "success", "failure_reason": "", "created_at": "2026-03-05T12:50:05.319Z"}}, {"model": "accounts.loginaudit", "pk": 20, "fields": {"user": 1, "attempted_email": "vaisahzirra7@gmail.com", "ip_address": "127.0.0.1", "user_agent": "", "status": "success", "failure_reason": "", "created_at": "2026-03-05T13:38:53.881Z"}}, {"model": "accounts.loginaudit", "pk": 21, "fields": {"user": 1, "attempted_email": "vaisahzirra7@gmail.com", "ip_address": "127.0.0.1", "user_agent": "", "status": "success", "failure_reason": "", "created_at": "2026-03-05T21:18:05.607Z"}}, {"model": "accounts.loginaudit", "pk": 22, "fields": {"user": 1, "attempted_email": "vaisahzirra7@gmail.com", "ip_address": "127.0.0.1", "user_agent": "", "status": "success", "failure_reason": "", "created_at": "2026-03-05T23:49:03.258Z"}}, {"model": "accounts.loginaudit", "pk": 23, "fields": {"user": 1, "attempted_email": "vaisahzirra7@gmail.com", "ip_address": "127.0.0.1", "user_agent": "", "status": "success", "failure_reason": "", "created_at": "2026-03-05T23:50:16.570Z"}}, {"model": "accounts.loginaudit", "pk": 24, "fields": {"user": null, "attempted_email": "doctor@neu.edu.ng", "ip_address": "127.0.0.1", "user_agent": "", "status": "failed", "failure_reason": "Invalid credentials", "created_at": "2026-03-05T23:51:35.883Z"}}, {"model": "accounts.loginaudit", "pk": 25, "fields": {"user": null, "attempted_email": "demodoctor@neu.edu.ng", "ip_address": "127.0.0.1", "user_agent": "", "status": "failed", "failure_reason": "Invalid credentials", "created_at": "2026-03-05T23:51:51.683Z"}}, {"model": "accounts.loginaudit", "pk": 26, "fields": {"user": null, "attempted_email": "demodoctor@neu.edu.ng", "ip_address": "127.0.0.1", "user_agent": "", "status": "failed", "failure_reason": "Invalid credentials", "created_at": "2026-03-05T23:52:38.857Z"}}, {"model": "accounts.loginaudit", "pk": 27, "fields": {"user": 3, "attempted_email": "demodoc@neu.edu.ng", "ip_address": "127.0.0.1", "user_agent": "", "status": "success", "failure_reason": "", "created_at": "2026-03-05T23:52:53.440Z"}}, {"model": "accounts.loginaudit", "pk": 28, "fields": {"user": 1, "attempted_email": "vaisahzirra7@gmail.com", "ip_address": "127.0.0.1", "user_agent": "", "status": "success", "failure_reason": "", "created_at": "2026-03-06T00:19:35.895Z"}}, {"model": "accounts.loginaudit", "pk": 29, "fields": {"user": 1, "attempted_email": "vaisahzirra7@gmail.com", "ip_address": "127.0.0.1", "user_agent": "", "status": "success", "failure_reason": "", "created_at": "2026-03-06T07:18:26.900Z"}}, {"model": "accounts.loginaudit", "pk": 30, "fields": {"user": 2, "attempted_email": "test@neu.edu.ng", "ip_address": "127.0.0.1", "user_agent": "", "status": "success", "failure_reason": "", "created_at": "2026-03-06T07:21:52.218Z"}}, {"model": "accounts.loginaudit", "pk": 31, "fields": {"user": 1, "attempted_email": "vaisahzirra7@gmail.com", "ip_address": "127.0.0.1", "user_agent": "", "status": "success", "failure_reason": "", "created_at": "2026-03-06T07:53:32.017Z"}}, {"model": "accounts.loginaudit", "pk": 32, "fields": {"user": 1, "attempted_email": "vaisahzirra7@gmail.com", "ip_address": "127.0.0.1", "user_agent": "", "status": "success", "failure_reason": "", "created_at": "2026-03-06T13:27:18.330Z"}}, {"model": "accounts.loginaudit", "pk": 33, "fields": {"user": 1, "attempted_email": "vaisahzirra7@gmail.com", "ip_address": "127.0.0.1", "user_agent": "", "status": "success", "failure_reason": "", "created_at": "2026-03-06T13:32:01.959Z"}}, {"model": "accounts.loginaudit", "pk": 34, "fields": {"user": 1, "attempted_email": "vaisahzirra7@gmail.com", "ip_address": "127.0.0.1", "user_agent": "", "status": "success", "failure_reason": "", "created_at": "2026-03-06T20:57:44.361Z"}}, {"model": "accounts.loginaudit", "pk": 35, "fields": {"user": 1, "attempted_email": "vaisahzirra7@gmail.com", "ip_address": "127.0.0.1", "user_agent": "", "status": "success", "failure_reason": "", "created_at": "2026-03-07T02:13:21.120Z"}}, {"model": "accounts.loginaudit", "pk": 36, "fields": {"user": 1, "attempted_email": "vaisahzirra7@gmail.com", "ip_address": "127.0.0.1", "user_agent": "", "status": "success", "failure_reason": "", "created_at": "2026-03-07T16:55:47.230Z"}}, {"model": "accounts.loginaudit", "pk": 37, "fields": {"user": 1, "attempted_email": "vaisahzirra7@gmail.com", "ip_address": "127.0.0.1", "user_agent": "", "status": "success", "failure_reason": "", "created_at": "2026-03-07T18:54:21.344Z"}}, {"model": "accounts.loginaudit", "pk": 38, "fields": {"user": 1, "attempted_email": "vaisahzirra7@gmail.com", "ip_address": "127.0.0.1", "user_agent": "", "status": "success", "failure_reason": "", "created_at": "2026-03-07T21:43:29.819Z"}}, {"model": "accounts.loginaudit", "pk": 39, "fields": {"user": null, "attempted_email": "vaisahzirra7@gmail.com", "ip_address": "127.0.0.1", "user_agent": "", "status": "failed", "failure_reason": "Invalid credentials", "created_at": "2026-03-08T13:17:50.166Z"}}, {"model": "accounts.loginaudit", "pk": 40, "fields": {"user": null, "attempted_email": "vaisahzirra7@gmail.com", "ip_address": "127.0.0.1", "user_agent": "", "status": "failed", "failure_reason": "Invalid credentials", "created_at": "2026-03-08T13:17:59.023Z"}}, {"model": "accounts.loginaudit", "pk": 41, "fields": {"user": 1, "attempted_email": "vaisahzirra7@gmail.com", "ip_address": "127.0.0.1", "user_agent": "", "status": "success", "failure_reason": "", "created_at": "2026-03-08T13:18:11.687Z"}}, {"model": "accounts.loginaudit", "pk": 42, "fields": {"user": 1, "attempted_email": "vaisahzirra7@gmail.com", "ip_address": "127.0.0.1", "user_agent": "", "status": "success", "failure_reason": "", "created_at": "2026-03-08T16:25:38.206Z"}}, {"model": "accounts.loginaudit", "pk": 43, "fields": {"user": 1, "attempted_email": "vaisahzirra7@gmail.com", "ip_address": "127.0.0.1", "user_agent": "", "status": "success", "failure_reason": "", "created_at": "2026-03-08T21:01:47.411Z"}}, {"model": "accounts.loginaudit", "pk": 44, "fields": {"user": null, "attempted_email": "demodoc@neu.edu.ng", "ip_address": "127.0.0.1", "user_agent": "", "status": "failed", "failure_reason": "Invalid credentials", "created_at": "2026-03-08T21:33:17.846Z"}}, {"model": "accounts.loginaudit", "pk": 45, "fields": {"user": 1, "attempted_email": "vaisahzirra7@gmail.com", "ip_address": "127.0.0.1", "user_agent": "", "status": "success", "failure_reason": "", "created_at": "2026-03-08T21:33:45.895Z"}}, {"model": "accounts.loginaudit", "pk": 46, "fields": {"user": null, "attempted_email": "demodoc@neu.edu.ng", "ip_address": "127.0.0.1", "user_agent": "", "status": "failed", "failure_reason": "Invalid credentials", "created_at": "2026-03-08T21:34:16.801Z"}}, {"model": "accounts.loginaudit", "pk": 47, "fields": {"user": null, "attempted_email": "demodoc@neu.edu.ng", "ip_address": "127.0.0.1", "user_agent": "", "status": "failed", "failure_reason": "Invalid credentials", "created_at": "2026-03-08T21:34:24.993Z"}}, {"model": "accounts.loginaudit", "pk": 48, "fields": {"user": 3, "attempted_email": "demodoc@neu.edu.ng", "ip_address": "127.0.0.1", "user_agent": "", "status": "success", "failure_reason": "", "created_at": "2026-03-08T21:34:43.695Z"}}, {"model": "accounts.loginaudit", "pk": 49, "fields": {"user": null, "attempted_email": "vaisahzirra7@gmail.com", "ip_address": "127.0.0.1", "user_agent": "", "status": "failed", "failure_reason": "Invalid credentials", "created_at": "2026-03-08T21:47:04.689Z"}}, {"model": "accounts.loginaudit", "pk": 50, "fields": {"user": 1, "attempted_email": "vaisahzirra7@gmail.com", "ip_address": "127.0.0.1", "user_agent": "", "status": "success", "failure_reason": "", "created_at": "2026-03-08T21:47:14.281Z"}}, {"model": "accounts.loginaudit", "pk": 51, "fields": {"user": 3, "attempted_email": "demodoc@neu.edu.ng", "ip_address": "127.0.0.1", "user_agent": "", "status": "success", "failure_reason": "", "created_at": "2026-03-08T21:51:47.600Z"}}, {"model": "accounts.loginaudit", "pk": 52, "fields": {"user": 1, "attempted_email": "vaisahzirra7@gmail.com", "ip_address": "127.0.0.1", "user_agent": "", "status": "success", "failure_reason": "", "created_at": "2026-03-08T21:52:25.423Z"}}, {"model": "accounts.loginaudit", "pk": 53, "fields": {"user": null, "attempted_email": "demodoctor@neu.edu.ng", "ip_address": "127.0.0.1", "user_agent": "", "status": "failed", "failure_reason": "Invalid credentials", "created_at": "2026-03-08T21:53:52.321Z"}}, {"model": "accounts.loginaudit", "pk": 54, "fields": {"user": null, "attempted_email": "demodoctor@neu.edu.ng", "ip_address": "127.0.0.1", "user_agent": "", "status": "failed", "failure_reason": "Invalid credentials", "created_at": "2026-03-08T21:53:58.593Z"}}, {"model": "accounts.loginaudit", "pk": 55, "fields": {"user": 3, "attempted_email": "demodoc@neu.edu.ng", "ip_address": "127.0.0.1", "user_agent": "", "status": "success", "failure_reason": "", "created_at": "2026-03-08T21:54:07.448Z"}}, {"model": "accounts.loginaudit", "pk": 56, "fields": {"user": 3, "attempted_email": "demodoc@neu.edu.ng", "ip_address": "127.0.0.1", "user_agent": "", "status": "success", "failure_reason": "", "created_at": "2026-03-09T08:23:11.030Z"}}, {"model": "accounts.loginaudit", "pk": 57, "fields": {"user": 1, "attempted_email": "vaisahzirra7@gmail.com", "ip_address": "127.0.0.1", "user_agent": "", "status": "success", "failure_reason": "", "created_at": "2026-03-09T08:23:23.654Z"}}, {"model": "accounts.loginaudit", "pk": 58, "fields": {"user": 1, "attempted_email": "vaisahzirra7@gmail.com", "ip_address": "127.0.0.1", "user_agent": "", "status": "success", "failure_reason": "", "created_at": "2026-03-09T11:12:59.667Z"}}, {"model": "accounts.loginaudit", "pk": 59, "fields": {"user": null, "attempted_email": "demodoc@neu.edu.ng", "ip_address": "127.0.0.1", "user_agent": "", "status": "failed", "failure_reason": "Invalid credentials", "created_at": "2026-03-09T11:13:29.345Z"}}, {"model": "accounts.loginaudit", "pk": 60, "fields": {"user": null, "attempted_email": "demodoc@neu.edu.ng", "ip_address": "127.0.0.1", "user_agent": "", "status": "failed", "failure_reason": "Invalid credentials", "created_at": "2026-03-09T11:13:52.284Z"}}, {"model": "accounts.loginaudit", "pk": 61, "fields": {"user": 3, "attempted_email": "demodoc@neu.edu.ng", "ip_address": "127.0.0.1", "user_agent": "", "status": "success", "failure_reason": "", "created_at": "2026-03-09T11:13:59.327Z"}}, {"model": "accounts.loginaudit", "pk": 62, "fields": {"user": null, "attempted_email": "vaisahzirra7@gmail.com", "ip_address": "127.0.0.1", "user_agent": "", "status": "failed", "failure_reason": "Invalid credentials", "created_at": "2026-03-09T12:47:58.407Z"}}, {"model": "accounts.loginaudit", "pk": 63, "fields": {"user": 1, "attempted_email": "vaisahzirra7@gmail.com", "ip_address": "127.0.0.1", "user_agent": "", "status": "success", "failure_reason": "", "created_at": "2026-03-09T12:48:09.340Z"}}, {"model": "accounts.loginaudit", "pk": 64, "fields": {"user": null, "attempted_email": "demodoc@neu.edu.ng", "ip_address": "127.0.0.1", "user_agent": "", "status": "failed", "failure_reason": "Invalid credentials", "created_at": "2026-03-09T13:38:13.205Z"}}, {"model": "accounts.loginaudit", "pk": 65, "fields": {"user": null, "attempted_email": "demodoc@neu.edu.ng", "ip_address": "127.0.0.1", "user_agent": "", "status": "failed", "failure_reason": "Invalid credentials", "created_at": "2026-03-09T13:38:25.883Z"}}, {"model": "accounts.loginaudit", "pk": 66, "fields": {"user": 3, "attempted_email": "demodoc@neu.edu.ng", "ip_address": "127.0.0.1", "user_agent": "", "status": "success", "failure_reason": "", "created_at": "2026-03-09T13:38:35.867Z"}}, {"model": "accounts.loginaudit", "pk": 67, "fields": {"user": 1, "attempted_email": "vaisahzirra7@gmail.com", "ip_address": "127.0.0.1", "user_agent": "", "status": "success", "failure_reason": "", "created_at": "2026-03-09T14:55:00.868Z"}}, {"model": "accounts.loginaudit", "pk": 68, "fields": {"user": 3, "attempted_email": "demodoc@neu.edu.ng", "ip_address": "127.0.0.1", "user_agent": "", "status": "success", "failure_reason": "", "created_at": "2026-03-09T14:55:40.580Z"}}, {"model": "accounts.loginaudit", "pk": 69, "fields": {"user": 3, "attempted_email": "demodoc@neu.edu.ng", "ip_address": "127.0.0.1", "user_agent": "", "status": "success", "failure_reason": "", "created_at": "2026-03-09T16:44:24.989Z"}}, {"model": "accounts.loginaudit", "pk": 70, "fields": {"user": 1, "attempted_email": "vaisahzirra7@gmail.com", "ip_address": "127.0.0.1", "user_agent": "", "status": "success", "failure_reason": "", "created_at": "2026-03-09T23:38:07.512Z"}}, {"model": "accounts.loginaudit", "pk": 71, "fields": {"user": 1, "attempted_email": "vaisahzirra7@gmail.com", "ip_address": "127.0.0.1", "user_agent": "", "status": "success", "failure_reason": "", "created_at": "2026-03-09T23:42:38.662Z"}}, {"model": "accounts.loginaudit", "pk": 72, "fields": {"user": 1, "attempted_email": "vaisahzirra7@gmail.com", "ip_address": "127.0.0.1", "user_agent": "", "status": "success", "failure_reason": "", "created_at": "2026-03-10T07:14:44.710Z"}}, {"model": "accounts.loginaudit", "pk": 73, "fields": {"user": 1, "attempted_email": "vaisahzirra7@gmail.com", "ip_address": "127.0.0.1", "user_agent": "", "status": "success", "failure_reason": "", "created_at": "2026-03-10T14:11:09.867Z"}}, {"model": "accounts.loginaudit", "pk": 74, "fields": {"user": 1, "attempted_email": "vaisahzirra7@gmail.com", "ip_address": "197.159.72.136", "user_agent": "", "status": "success", "failure_reason": "", "created_at": "2026-03-10T15:02:53.299Z"}}, {"model": "accounts.loginaudit", "pk": 75, "fields": {"user": 1, "attempted_email": "vaisahzirra7@gmail.com", "ip_address": "197.159.72.130", "user_agent": "", "status": "success", "failure_reason": "", "created_at": "2026-03-10T15:59:57.910Z"}}, {"model": "accounts.loginaudit", "pk": 76, "fields": {"user": null, "attempted_email": "vaisahzirra7@gmail.com", "ip_address": "197.159.72.130", "user_agent": "", "status": "failed", "failure_reason": "Invalid credentials", "created_at": "2026-03-10T16:08:00.705Z"}}, {"model": "accounts.loginaudit", "pk": 77, "fields": {"user": 1, "attempted_email": "vaisahzirra7@gmail.com", "ip_address": "197.159.72.130", "user_agent": "", "status": "success", "failure_reason": "", "created_at": "2026-03-10T16:08:22.101Z"}}, {"model": "accounts.loginaudit", "pk": 78, "fields": {"user": 1, "attempted_email": "vaisahzirra7@gmail.com", "ip_address": "197.159.72.130", "user_agent": "", "status": "success", "failure_reason": "", "created_at": "2026-03-10T16:09:19.699Z"}}, {"model": "accounts.loginaudit", "pk": 79, "fields": {"user": 1, "attempted_email": "vaisahzirra7@gmail.com", "ip_address": "105.113.18.118", "user_agent": "", "status": "success", "failure_reason": "", "created_at": "2026-03-10T17:31:25.784Z"}}, {"model": "accounts.loginaudit", "pk": 80, "fields": {"user": 2, "attempted_email": "test@neu.edu.ng", "ip_address": "105.113.18.118", "user_agent": "", "status": "success", "failure_reason": "", "created_at": "2026-03-10T17:39:20.691Z"}}, {"model": "accounts.loginaudit", "pk": 81, "fields": {"user": null, "attempted_email": "vaisahzirra@gmail.com", "ip_address": "105.113.18.118", "user_agent": "", "status": "failed", "failure_reason": "Invalid credentials", "created_at": "2026-03-10T17:40:19.974Z"}}, {"model": "accounts.loginaudit", "pk": 82, "fields": {"user": 1, "attempted_email": "vaisahzirra7@gmail.com", "ip_address": "105.113.18.118", "user_agent": "", "status": "success", "failure_reason": "", "created_at": "2026-03-10T17:40:41.290Z"}}, {"model": "accounts.loginaudit", "pk": 83, "fields": {"user": 2, "attempted_email": "test@neu.edu.ng", "ip_address": "105.113.18.118", "user_agent": "", "status": "success", "failure_reason": "", "created_at": "2026-03-10T17:43:23.779Z"}}, {"model": "accounts.loginaudit", "pk": 84, "fields": {"user": 4, "attempted_email": "abubakarsadiqibrahim4321@gmail.com", "ip_address": "102.91.104.22", "user_agent": "", "status": "success", "failure_reason": "", "created_at": "2026-03-10T17:45:19.094Z"}}, {"model": "accounts.loginaudit", "pk": 85, "fields": {"user": 1, "attempted_email": "vaisahzirra7@gmail.com", "ip_address": "105.113.18.118", "user_agent": "", "status": "success", "failure_reason": "", "created_at": "2026-03-10T17:50:59.289Z"}}, {"model": "accounts.loginaudit", "pk": 86, "fields": {"user": 1, "attempted_email": "vaisahzirra7@gmail.com", "ip_address": "105.113.18.60", "user_agent": "", "status": "success", "failure_reason": "", "created_at": "2026-03-10T20:57:52.114Z"}}, {"model": "accounts.loginaudit", "pk": 87, "fields": {"user": 1, "attempted_email": "vaisahzirra7@gmail.com", "ip_address": "105.119.30.139", "user_agent": "", "status": "success", "failure_reason": "", "created_at": "2026-03-10T22:37:22.866Z"}}, {"model": "accounts.loginaudit", "pk": 88, "fields": {"user": null, "attempted_email": "test@neu.edu.ng", "ip_address": "105.119.30.139", "user_agent": "", "status": "failed", "failure_reason": "Invalid credentials", "created_at": "2026-03-10T22:42:56.261Z"}}, {"model": "accounts.loginaudit", "pk": 89, "fields": {"user": null, "attempted_email": "test@neu.edu.ng", "ip_address": "105.119.30.139", "user_agent": "", "status": "failed", "failure_reason": "Invalid credentials", "created_at": "2026-03-10T22:43:14.952Z"}}, {"model": "accounts.loginaudit", "pk": 90, "fields": {"user": 1, "attempted_email": "vaisahzirra7@gmail.com", "ip_address": "105.119.30.139", "user_agent": "", "status": "success", "failure_reason": "", "created_at": "2026-03-10T22:43:28.662Z"}}, {"model": "accounts.loginaudit", "pk": 91, "fields": {"user": 2, "attempted_email": "test@neu.edu.ng", "ip_address": "105.119.30.139", "user_agent": "", "status": "success", "failure_reason": "", "created_at": "2026-03-10T22:44:09.273Z"}}, {"model": "accounts.loginaudit", "pk": 92, "fields": {"user": 2, "attempted_email": "test@neu.edu.ng", "ip_address": "105.119.30.139", "user_agent": "", "status": "success", "failure_reason": "", "created_at": "2026-03-10T22:44:40.261Z"}}, {"model": "accounts.loginaudit", "pk": 93, "fields": {"user": null, "attempted_email": "abubakarsadiqibrahim4321@gmail.com", "ip_address": "102.91.103.49", "user_agent": "", "status": "failed", "failure_reason": "Invalid credentials", "created_at": "2026-03-11T10:04:18.759Z"}}, {"model": "accounts.loginaudit", "pk": 94, "fields": {"user": null, "attempted_email": "abubakarsadiqibrahim4321@gmail.com", "ip_address": "102.91.103.49", "user_agent": "", "status": "failed", "failure_reason": "Invalid credentials", "created_at": "2026-03-11T10:04:35.268Z"}}, {"model": "accounts.loginaudit", "pk": 95, "fields": {"user": 4, "attempted_email": "abubakarsadiqibrahim4321@gmail.com", "ip_address": "102.91.103.49", "user_agent": "", "status": "success", "failure_reason": "", "created_at": "2026-03-11T10:05:15.265Z"}}, {"model": "accounts.loginaudit", "pk": 96, "fields": {"user": null, "attempted_email": "vaisahzirra7@gmail.com", "ip_address": "105.119.1.10", "user_agent": "", "status": "failed", "failure_reason": "Invalid credentials", "created_at": "2026-03-13T00:30:18.489Z"}}, {"model": "accounts.loginaudit", "pk": 97, "fields": {"user": null, "attempted_email": "vaisahzirra7@gmail.com", "ip_address": "105.119.1.10", "user_agent": "", "status": "failed", "failure_reason": "Invalid credentials", "created_at": "2026-03-13T00:30:48.488Z"}}, {"model": "accounts.loginaudit", "pk": 98, "fields": {"user": null, "attempted_email": "vaisahzirra7@gmail.com", "ip_address": "105.119.1.10", "user_agent": "", "status": "failed", "failure_reason": "Invalid credentials", "created_at": "2026-03-13T00:31:32.498Z"}}, {"model": "accounts.loginaudit", "pk": 99, "fields": {"user": null, "attempted_email": "vaisahzirra7@gmail.com", "ip_address": "105.119.1.10", "user_agent": "", "status": "failed", "failure_reason": "Invalid credentials", "created_at": "2026-03-13T00:33:42.697Z"}}, {"model": "accounts.loginaudit", "pk": 100, "fields": {"user": null, "attempted_email": "vaisahzirra7@gmail.com", "ip_address": "105.119.1.10", "user_agent": "", "status": "failed", "failure_reason": "Invalid credentials", "created_at": "2026-03-13T00:34:34.588Z"}}, {"model": "accounts.loginaudit", "pk": 101, "fields": {"user": null, "attempted_email": "abubakarsadiqibrahim4321@gmail.com", "ip_address": "105.119.1.10", "user_agent": "", "status": "failed", "failure_reason": "Invalid credentials", "created_at": "2026-03-13T00:35:09.084Z"}}, {"model": "accounts.loginaudit", "pk": 102, "fields": {"user": 2, "attempted_email": "test@neu.edu.ng", "ip_address": "105.119.1.10", "user_agent": "", "status": "success", "failure_reason": "", "created_at": "2026-03-13T00:36:07.596Z"}}, {"model": "accounts.audittrail", "pk": 1, "fields": {"user": 1, "action": "LOGIN", "module": "accounts", "record_id": "", "old_values": null, "new_values": null, "ip_address": "127.0.0.1", "description": "Vaisah Peter Zirra logged in", "created_at": "2026-03-02T02:04:11.475Z"}}, {"model": "accounts.audittrail", "pk": 2, "fields": {"user": 1, "action": "LOGOUT", "module": "accounts", "record_id": "", "old_values": null, "new_values": null, "ip_address": "127.0.0.1", "description": "Vaisah Peter Zirra logged out", "created_at": "2026-03-02T02:15:23.101Z"}}, {"model": "accounts.audittrail", "pk": 3, "fields": {"user": 1, "action": "LOGIN", "module": "accounts", "record_id": "", "old_values": null, "new_values": null, "ip_address": "127.0.0.1", "description": "Vaisah Peter Zirra logged in", "created_at": "2026-03-02T02:16:11.910Z"}}, {"model": "accounts.audittrail", "pk": 4, "fields": {"user": 1, "action": "LOGOUT", "module": "accounts", "record_id": "", "old_values": null, "new_values": null, "ip_address": "127.0.0.1", "description": "Vaisah Peter Zirra logged out", "created_at": "2026-03-02T02:17:01.003Z"}}, {"model": "accounts.audittrail", "pk": 5, "fields": {"user": 1, "action": "LOGIN", "module": "accounts", "record_id": "", "old_values": null, "new_values": null, "ip_address": "127.0.0.1", "description": "Vaisah Peter Zirra logged in", "created_at": "2026-03-02T02:17:21.774Z"}}, {"model": "accounts.audittrail", "pk": 6, "fields": {"user": 1, "action": "LOGIN", "module": "accounts", "record_id": "", "old_values": null, "new_values": null, "ip_address": "127.0.0.1", "description": "Vaisah Peter Zirra logged in", "created_at": "2026-03-02T12:19:58.782Z"}}, {"model": "accounts.audittrail", "pk": 7, "fields": {"user": 1, "action": "LOGIN", "module": "accounts", "record_id": "", "old_values": null, "new_values": null, "ip_address": "127.0.0.1", "description": "Vaisah Peter Zirra logged in", "created_at": "2026-03-03T12:10:46.847Z"}}, {"model": "accounts.audittrail", "pk": 8, "fields": {"user": 1, "action": "LOGOUT", "module": "accounts", "record_id": "", "old_values": null, "new_values": null, "ip_address": "127.0.0.1", "description": "Vaisah Peter Zirra logged out", "created_at": "2026-03-03T12:11:36.487Z"}}, {"model": "accounts.audittrail", "pk": 9, "fields": {"user": 1, "action": "LOGIN", "module": "accounts", "record_id": "", "old_values": null, "new_values": null, "ip_address": "127.0.0.1", "description": "Vaisah Peter Zirra logged in", "created_at": "2026-03-03T12:37:36.741Z"}}, {"model": "accounts.audittrail", "pk": 10, "fields": {"user": 1, "action": "LOGIN", "module": "accounts", "record_id": "", "old_values": null, "new_values": null, "ip_address": "127.0.0.1", "description": "Vaisah Peter Zirra logged in", "created_at": "2026-03-03T15:15:31.521Z"}}, {"model": "accounts.audittrail", "pk": 11, "fields": {"user": 1, "action": "LOGIN", "module": "accounts", "record_id": "", "old_values": null, "new_values": null, "ip_address": "127.0.0.1", "description": "Vaisah Peter Zirra logged in", "created_at": "2026-03-03T22:27:44.281Z"}}, {"model": "accounts.audittrail", "pk": 12, "fields": {"user": 1, "action": "LOGIN", "module": "accounts", "record_id": "", "old_values": null, "new_values": null, "ip_address": "127.0.0.1", "description": "Vaisah Peter Zirra logged in", "created_at": "2026-03-03T23:03:40.202Z"}}, {"model": "accounts.audittrail", "pk": 13, "fields": {"user": 1, "action": "UPDATE", "module": "user-management", "record_id": "1", "old_values": {"role": null, "email": "vaisahzirra7@gmail.com", "is_active": true, "last_name": "Zirra", "first_name": "Vaisah Peter"}, "new_values": {"role": "Super Admin", "email": "vaisahzirra7@gmail.com", "is_active": true, "last_name": "Zirra", "first_name": "Vaisah Peter"}, "ip_address": "127.0.0.1", "description": "Updated staff account: Vaisah Peter Zirra", "created_at": "2026-03-03T23:12:28.601Z"}}, {"model": "accounts.audittrail", "pk": 14, "fields": {"user": 1, "action": "LOGIN", "module": "accounts", "record_id": "", "old_values": null, "new_values": null, "ip_address": "127.0.0.1", "description": "Vaisah Peter Zirra logged in", "created_at": "2026-03-03T23:19:36.389Z"}}, {"model": "accounts.audittrail", "pk": 15, "fields": {"user": 1, "action": "LOGIN", "module": "accounts", "record_id": "", "old_values": null, "new_values": null, "ip_address": "127.0.0.1", "description": "Vaisah Peter Zirra logged in", "created_at": "2026-03-04T10:15:43.429Z"}}, {"model": "accounts.audittrail", "pk": 16, "fields": {"user": 1, "action": "CREATE", "module": "user-management", "record_id": "2", "old_values": null, "new_values": {"name": "Test User 1", "role": "ICT Admin", "email": "test@neu.edu.ng"}, "ip_address": "127.0.0.1", "description": "Created staff account for Test User 1", "created_at": "2026-03-04T10:43:42.016Z"}}, {"model": "accounts.audittrail", "pk": 17, "fields": {"user": 1, "action": "UPDATE", "module": "user-management", "record_id": "2", "old_values": null, "new_values": null, "ip_address": "127.0.0.1", "description": "Password reset for Test User 1", "created_at": "2026-03-04T10:44:03.046Z"}}, {"model": "accounts.audittrail", "pk": 18, "fields": {"user": 1, "action": "UPDATE", "module": "user-management", "record_id": "2", "old_values": null, "new_values": null, "ip_address": "127.0.0.1", "description": "Password reset for Test User 1", "created_at": "2026-03-04T10:44:04.405Z"}}, {"model": "accounts.audittrail", "pk": 19, "fields": {"user": 1, "action": "UPDATE", "module": "user-management", "record_id": "2", "old_values": null, "new_values": null, "ip_address": "127.0.0.1", "description": "Password reset for Test User 1", "created_at": "2026-03-04T10:44:42.583Z"}}, {"model": "accounts.audittrail", "pk": 20, "fields": {"user": 1, "action": "LOGIN", "module": "accounts", "record_id": "", "old_values": null, "new_values": null, "ip_address": "127.0.0.1", "description": "Vaisah Peter Zirra logged in", "created_at": "2026-03-04T13:28:04.061Z"}}, {"model": "accounts.audittrail", "pk": 21, "fields": {"user": 1, "action": "LOGIN", "module": "accounts", "record_id": "", "old_values": null, "new_values": null, "ip_address": "127.0.0.1", "description": "Vaisah Peter Zirra logged in", "created_at": "2026-03-04T14:09:09.964Z"}}, {"model": "accounts.audittrail", "pk": 22, "fields": {"user": 1, "action": "LOGIN", "module": "accounts", "record_id": "", "old_values": null, "new_values": null, "ip_address": "127.0.0.1", "description": "Vaisah Peter Zirra logged in", "created_at": "2026-03-05T00:09:40.332Z"}}, {"model": "accounts.audittrail", "pk": 23, "fields": {"user": 1, "action": "CREATE", "module": "patient-records", "record_id": "NEU/22/23/SEN/00000", "old_values": null, "new_values": null, "ip_address": "127.0.0.1", "description": "Registered Sausan Kwami Ibrahim (NEU/22/23/SEN/00000)", "created_at": "2026-03-05T00:17:06.336Z"}}, {"model": "accounts.audittrail", "pk": 24, "fields": {"user": 1, "action": "CREATE", "module": "patient-records", "record_id": "NEU/22/23/SEN/00001", "old_values": null, "new_values": null, "ip_address": "127.0.0.1", "description": "Registered Sausan Kwami Ibrahim (NEU/22/23/SEN/00001)", "created_at": "2026-03-05T00:20:40.784Z"}}, {"model": "accounts.audittrail", "pk": 25, "fields": {"user": 1, "action": "UPDATE", "module": "patient-records", "record_id": "NEU/22/23/SEN/00000", "old_values": null, "new_values": null, "ip_address": "127.0.0.1", "description": "Patient record deactivated: Sausan Kwami Ibrahim", "created_at": "2026-03-05T00:24:47.354Z"}}, {"model": "accounts.audittrail", "pk": 26, "fields": {"user": 1, "action": "UPDATE", "module": "patient-records", "record_id": "NEU/22/23/SEN/00001", "old_values": null, "new_values": null, "ip_address": "127.0.0.1", "description": "Updated record: Sausan Kwami Ibrahim (NEU/22/23/SEN/00001)", "created_at": "2026-03-05T00:25:08.265Z"}}, {"model": "accounts.audittrail", "pk": 27, "fields": {"user": 1, "action": "LOGIN", "module": "accounts", "record_id": "", "old_values": null, "new_values": null, "ip_address": "127.0.0.1", "description": "Vaisah Peter Zirra logged in", "created_at": "2026-03-05T11:39:50.973Z"}}, {"model": "accounts.audittrail", "pk": 28, "fields": {"user": 1, "action": "LOGIN", "module": "accounts", "record_id": "", "old_values": null, "new_values": null, "ip_address": "127.0.0.1", "description": "Vaisah Peter Zirra logged in", "created_at": "2026-03-05T12:20:03.623Z"}}, {"model": "accounts.audittrail", "pk": 29, "fields": {"user": 1, "action": "CREATE", "module": "user-management", "record_id": "3", "old_values": null, "new_values": {"name": "DEMO DOCTOR", "role": "Doctor", "email": "demodoc@neu.edu.ng"}, "ip_address": "127.0.0.1", "description": "Created staff account for DEMO DOCTOR", "created_at": "2026-03-05T12:36:48.675Z"}}, {"model": "accounts.audittrail", "pk": 30, "fields": {"user": 1, "action": "LOGOUT", "module": "accounts", "record_id": "", "old_values": null, "new_values": null, "ip_address": "127.0.0.1", "description": "Vaisah Peter Zirra logged out", "created_at": "2026-03-05T12:36:59.405Z"}}, {"model": "accounts.audittrail", "pk": 31, "fields": {"user": 3, "action": "LOGIN", "module": "accounts", "record_id": "", "old_values": null, "new_values": null, "ip_address": "127.0.0.1", "description": "DEMO DOCTOR logged in", "created_at": "2026-03-05T12:37:08.039Z"}}, {"model": "accounts.audittrail", "pk": 32, "fields": {"user": 3, "action": "LOGOUT", "module": "accounts", "record_id": "", "old_values": null, "new_values": null, "ip_address": "127.0.0.1", "description": "DEMO DOCTOR logged out", "created_at": "2026-03-05T12:49:54.576Z"}}, {"model": "accounts.audittrail", "pk": 33, "fields": {"user": 1, "action": "LOGIN", "module": "accounts", "record_id": "", "old_values": null, "new_values": null, "ip_address": "127.0.0.1", "description": "Vaisah Peter Zirra logged in", "created_at": "2026-03-05T12:50:05.325Z"}}, {"model": "accounts.audittrail", "pk": 34, "fields": {"user": 1, "action": "LOGIN", "module": "accounts", "record_id": "", "old_values": null, "new_values": null, "ip_address": "127.0.0.1", "description": "Vaisah Peter Zirra logged in", "created_at": "2026-03-05T13:38:53.889Z"}}, {"model": "accounts.audittrail", "pk": 35, "fields": {"user": 1, "action": "LOGIN", "module": "accounts", "record_id": "", "old_values": null, "new_values": null, "ip_address": "127.0.0.1", "description": "Vaisah Peter Zirra logged in", "created_at": "2026-03-05T21:18:05.622Z"}}, {"model": "accounts.audittrail", "pk": 36, "fields": {"user": 1, "action": "LOGIN", "module": "accounts", "record_id": "", "old_values": null, "new_values": null, "ip_address": "127.0.0.1", "description": "Vaisah Peter Zirra logged in", "created_at": "2026-03-05T23:49:03.264Z"}}, {"model": "accounts.audittrail", "pk": 37, "fields": {"user": 1, "action": "LOGIN", "module": "accounts", "record_id": "", "old_values": null, "new_values": null, "ip_address": "127.0.0.1", "description": "Vaisah Peter Zirra logged in", "created_at": "2026-03-05T23:50:16.575Z"}}, {"model": "accounts.audittrail", "pk": 38, "fields": {"user": 1, "action": "LOGOUT", "module": "accounts", "record_id": "", "old_values": null, "new_values": null, "ip_address": "127.0.0.1", "description": "Vaisah Peter Zirra logged out", "created_at": "2026-03-05T23:50:42.585Z"}}, {"model": "accounts.audittrail", "pk": 39, "fields": {"user": 1, "action": "UPDATE", "module": "user-management", "record_id": "3", "old_values": {"role": "Doctor", "email": "demodoc@neu.edu.ng", "is_active": true, "last_name": "DOCTOR", "first_name": "DEMO"}, "new_values": {"role": "Doctor", "email": "demodoc@neu.edu.ng", "is_active": true, "last_name": "DOCTOR", "first_name": "DEMO"}, "ip_address": "127.0.0.1", "description": "Updated staff account: DEMO DOCTOR", "created_at": "2026-03-05T23:52:11.060Z"}}, {"model": "accounts.audittrail", "pk": 40, "fields": {"user": 1, "action": "UPDATE", "module": "user-management", "record_id": "3", "old_values": null, "new_values": null, "ip_address": "127.0.0.1", "description": "Password reset for DEMO DOCTOR", "created_at": "2026-03-05T23:52:18.583Z"}}, {"model": "accounts.audittrail", "pk": 41, "fields": {"user": 3, "action": "LOGIN", "module": "accounts", "record_id": "", "old_values": null, "new_values": null, "ip_address": "127.0.0.1", "description": "DEMO DOCTOR logged in", "created_at": "2026-03-05T23:52:53.446Z"}}, {"model": "accounts.audittrail", "pk": 42, "fields": {"user": 1, "action": "LOGOUT", "module": "accounts", "record_id": "", "old_values": null, "new_values": null, "ip_address": "127.0.0.1", "description": "Vaisah Peter Zirra logged out", "created_at": "2026-03-06T00:19:24.383Z"}}, {"model": "accounts.audittrail", "pk": 43, "fields": {"user": 1, "action": "LOGIN", "module": "accounts", "record_id": "", "old_values": null, "new_values": null, "ip_address": "127.0.0.1", "description": "Vaisah Peter Zirra logged in", "created_at": "2026-03-06T00:19:35.901Z"}}, {"model": "accounts.audittrail", "pk": 44, "fields": {"user": 1, "action": "UPDATE", "module": "accounts", "record_id": "", "old_values": null, "new_values": null, "ip_address": "127.0.0.1", "description": "Vaisah Peter Zirra changed password on first login", "created_at": "2026-03-06T00:20:06.423Z"}}, {"model": "accounts.audittrail", "pk": 45, "fields": {"user": 1, "action": "LOGIN", "module": "accounts", "record_id": "", "old_values": null, "new_values": null, "ip_address": "127.0.0.1", "description": "Vaisah Peter Zirra logged in", "created_at": "2026-03-06T07:18:26.907Z"}}, {"model": "accounts.audittrail", "pk": 46, "fields": {"user": 1, "action": "UPDATE", "module": "user-management", "record_id": "2", "old_values": {"role": "ICT Admin", "email": "test@neu.edu.ng", "is_active": true, "last_name": "User 1", "first_name": "Test"}, "new_values": {"role": "Nurse", "email": "test@neu.edu.ng", "is_active": true, "last_name": "User 1", "first_name": "Test"}, "ip_address": "127.0.0.1", "description": "Updated staff account: Test User 1", "created_at": "2026-03-06T07:18:48.137Z"}}, {"model": "accounts.audittrail", "pk": 47, "fields": {"user": 1, "action": "UPDATE", "module": "user-management", "record_id": "2", "old_values": null, "new_values": null, "ip_address": "127.0.0.1", "description": "Password reset for Test User 1", "created_at": "2026-03-06T07:18:54.813Z"}}, {"model": "accounts.audittrail", "pk": 48, "fields": {"user": 1, "action": "UPDATE", "module": "user-management", "record_id": "2", "old_values": null, "new_values": null, "ip_address": "127.0.0.1", "description": "Password reset for Test User 1", "created_at": "2026-03-06T07:21:33.972Z"}}, {"model": "accounts.audittrail", "pk": 49, "fields": {"user": 1, "action": "LOGOUT", "module": "accounts", "record_id": "", "old_values": null, "new_values": null, "ip_address": "127.0.0.1", "description": "Vaisah Peter Zirra logged out", "created_at": "2026-03-06T07:21:44.998Z"}}, {"model": "accounts.audittrail", "pk": 50, "fields": {"user": 2, "action": "LOGIN", "module": "accounts", "record_id": "", "old_values": null, "new_values": null, "ip_address": "127.0.0.1", "description": "Test User 1 logged in", "created_at": "2026-03-06T07:21:52.222Z"}}, {"model": "accounts.audittrail", "pk": 51, "fields": {"user": 2, "action": "UPDATE", "module": "accounts", "record_id": "", "old_values": null, "new_values": null, "ip_address": "127.0.0.1", "description": "Test User 1 changed password on first login", "created_at": "2026-03-06T07:22:04.895Z"}}, {"model": "accounts.audittrail", "pk": 52, "fields": {"user": 1, "action": "LOGIN", "module": "accounts", "record_id": "", "old_values": null, "new_values": null, "ip_address": "127.0.0.1", "description": "Vaisah Peter Zirra logged in", "created_at": "2026-03-06T07:53:32.023Z"}}, {"model": "accounts.audittrail", "pk": 53, "fields": {"user": 1, "action": "LOGIN", "module": "accounts", "record_id": "", "old_values": null, "new_values": null, "ip_address": "127.0.0.1", "description": "Vaisah Peter Zirra logged in", "created_at": "2026-03-06T13:27:18.337Z"}}, {"model": "accounts.audittrail", "pk": 54, "fields": {"user": 1, "action": "LOGIN", "module": "accounts", "record_id": "", "old_values": null, "new_values": null, "ip_address": "127.0.0.1", "description": "Vaisah Peter Zirra logged in", "created_at": "2026-03-06T13:32:01.964Z"}}, {"model": "accounts.audittrail", "pk": 55, "fields": {"user": 1, "action": "LOGIN", "module": "accounts", "record_id": "", "old_values": null, "new_values": null, "ip_address": "127.0.0.1", "description": "Vaisah Peter Zirra logged in", "created_at": "2026-03-06T20:57:44.372Z"}}, {"model": "accounts.audittrail", "pk": 56, "fields": {"user": 1, "action": "LOGIN", "module": "accounts", "record_id": "", "old_values": null, "new_values": null, "ip_address": "127.0.0.1", "description": "Vaisah Peter Zirra logged in", "created_at": "2026-03-07T02:13:21.128Z"}}, {"model": "accounts.audittrail", "pk": 57, "fields": {"user": 1, "action": "LOGIN", "module": "accounts", "record_id": "", "old_values": null, "new_values": null, "ip_address": "127.0.0.1", "description": "Vaisah Peter Zirra logged in", "created_at": "2026-03-07T16:55:47.239Z"}}, {"model": "accounts.audittrail", "pk": 58, "fields": {"user": 1, "action": "LOGIN", "module": "accounts", "record_id": "", "old_values": null, "new_values": null, "ip_address": "127.0.0.1", "description": "Vaisah Peter Zirra logged in", "created_at": "2026-03-07T18:54:21.348Z"}}, {"model": "accounts.audittrail", "pk": 59, "fields": {"user": 1, "action": "LOGIN", "module": "accounts", "record_id": "", "old_values": null, "new_values": null, "ip_address": "127.0.0.1", "description": "Vaisah Peter Zirra logged in", "created_at": "2026-03-07T21:43:29.823Z"}}, {"model": "accounts.audittrail", "pk": 60, "fields": {"user": 1, "action": "UPDATE", "module": "user-management", "record_id": "1", "old_values": {"role": "Super Admin", "email": "vaisahzirra7@gmail.com", "is_active": true, "last_name": "Zirra", "first_name": "Vaisah Peter"}, "new_values": {"role": "Super Admin", "email": "vaisahzirra7@gmail.com", "is_active": true, "last_name": "Zirra", "first_name": "Vaisah"}, "ip_address": "127.0.0.1", "description": "Updated staff account: Vaisah Peter Zirra", "created_at": "2026-03-07T23:16:58.837Z"}}, {"model": "accounts.audittrail", "pk": 61, "fields": {"user": 1, "action": "LOGIN", "module": "accounts", "record_id": "", "old_values": null, "new_values": null, "ip_address": "127.0.0.1", "description": "Vaisah Peter Zirra logged in", "created_at": "2026-03-08T13:18:11.693Z"}}, {"model": "accounts.audittrail", "pk": 62, "fields": {"user": 1, "action": "LOGIN", "module": "accounts", "record_id": "", "old_values": null, "new_values": null, "ip_address": "127.0.0.1", "description": "Vaisah Peter Zirra logged in", "created_at": "2026-03-08T16:25:38.213Z"}}, {"model": "accounts.audittrail", "pk": 63, "fields": {"user": 1, "action": "LOGIN", "module": "accounts", "record_id": "", "old_values": null, "new_values": null, "ip_address": "127.0.0.1", "description": "Vaisah Peter Zirra logged in", "created_at": "2026-03-08T21:01:47.417Z"}}, {"model": "accounts.audittrail", "pk": 64, "fields": {"user": 1, "action": "CREATE", "module": "role-management", "record_id": "8", "old_values": null, "new_values": null, "ip_address": "127.0.0.1", "description": "Created role: Test User", "created_at": "2026-03-08T21:20:19.649Z"}}, {"model": "accounts.audittrail", "pk": 65, "fields": {"user": 1, "action": "UPDATE", "module": "role-permissions", "record_id": "8", "old_values": null, "new_values": null, "ip_address": "127.0.0.1", "description": "Updated permissions for role: Test User", "created_at": "2026-03-08T21:20:45.065Z"}}, {"model": "accounts.audittrail", "pk": 66, "fields": {"user": 1, "action": "DELETE", "module": "role-management", "record_id": "8", "old_values": null, "new_values": null, "ip_address": "127.0.0.1", "description": "Deleted role: Test User", "created_at": "2026-03-08T21:20:57.340Z"}}, {"model": "accounts.audittrail", "pk": 67, "fields": {"user": 1, "action": "UPDATE", "module": "user-management", "record_id": "3", "old_values": {"role": "Doctor", "email": "demodoc@neu.edu.ng", "is_active": true, "last_name": "DOCTOR", "first_name": "DEMO"}, "new_values": {"role": null, "email": "demodoc@neu.edu.ng", "is_active": true, "last_name": "DOCTOR", "first_name": "DEMO"}, "ip_address": "127.0.0.1", "description": "Updated staff account: DEMO DOCTOR", "created_at": "2026-03-08T21:32:43.212Z"}}, {"model": "accounts.audittrail", "pk": 68, "fields": {"user": 1, "action": "LOGOUT", "module": "accounts", "record_id": "", "old_values": null, "new_values": null, "ip_address": "127.0.0.1", "description": "Vaisah Peter Zirra logged out", "created_at": "2026-03-08T21:33:07.225Z"}}, {"model": "accounts.audittrail", "pk": 69, "fields": {"user": 1, "action": "LOGIN", "module": "accounts", "record_id": "", "old_values": null, "new_values": null, "ip_address": "127.0.0.1", "description": "Vaisah Peter Zirra logged in", "created_at": "2026-03-08T21:33:45.902Z"}}, {"model": "accounts.audittrail", "pk": 70, "fields": {"user": 1, "action": "UPDATE", "module": "user-management", "record_id": "3", "old_values": null, "new_values": null, "ip_address": "127.0.0.1", "description": "Password reset for DEMO DOCTOR", "created_at": "2026-03-08T21:34:03.679Z"}}, {"model": "accounts.audittrail", "pk": 71, "fields": {"user": 1, "action": "LOGOUT", "module": "accounts", "record_id": "", "old_values": null, "new_values": null, "ip_address": "127.0.0.1", "description": "Vaisah Peter Zirra logged out", "created_at": "2026-03-08T21:34:07.617Z"}}, {"model": "accounts.audittrail", "pk": 72, "fields": {"user": 3, "action": "LOGIN", "module": "accounts", "record_id": "", "old_values": null, "new_values": null, "ip_address": "127.0.0.1", "description": "DEMO DOCTOR logged in", "created_at": "2026-03-08T21:34:43.700Z"}}, {"model": "accounts.audittrail", "pk": 73, "fields": {"user": 3, "action": "UPDATE", "module": "accounts", "record_id": "", "old_values": null, "new_values": null, "ip_address": "127.0.0.1", "description": "DEMO DOCTOR changed password on first login", "created_at": "2026-03-08T21:35:01.554Z"}}, {"model": "accounts.audittrail", "pk": 74, "fields": {"user": 3, "action": "LOGOUT", "module": "accounts", "record_id": "", "old_values": null, "new_values": null, "ip_address": "127.0.0.1", "description": "DEMO DOCTOR logged out", "created_at": "2026-03-08T21:46:45.983Z"}}, {"model": "accounts.audittrail", "pk": 75, "fields": {"user": 1, "action": "LOGIN", "module": "accounts", "record_id": "", "old_values": null, "new_values": null, "ip_address": "127.0.0.1", "description": "Vaisah Peter Zirra logged in", "created_at": "2026-03-08T21:47:14.287Z"}}, {"model": "accounts.audittrail", "pk": 76, "fields": {"user": 1, "action": "UPDATE", "module": "role-permissions", "record_id": "2", "old_values": null, "new_values": null, "ip_address": "127.0.0.1", "description": "Updated permissions for role: Doctor", "created_at": "2026-03-08T21:48:12.707Z"}}, {"model": "accounts.audittrail", "pk": 77, "fields": {"user": 1, "action": "UPDATE", "module": "user-management", "record_id": "3", "old_values": {"role": null, "email": "demodoc@neu.edu.ng", "is_active": true, "last_name": "DOCTOR", "first_name": "DEMO"}, "new_values": {"role": "Doctor", "email": "demodoc@neu.edu.ng", "is_active": true, "last_name": "DOCTOR", "first_name": "DEMO"}, "ip_address": "127.0.0.1", "description": "Updated staff account: DEMO DOCTOR", "created_at": "2026-03-08T21:51:36.121Z"}}, {"model": "accounts.audittrail", "pk": 78, "fields": {"user": 1, "action": "LOGOUT", "module": "accounts", "record_id": "", "old_values": null, "new_values": null, "ip_address": "127.0.0.1", "description": "Vaisah Peter Zirra logged out", "created_at": "2026-03-08T21:51:40.255Z"}}, {"model": "accounts.audittrail", "pk": 79, "fields": {"user": 3, "action": "LOGIN", "module": "accounts", "record_id": "", "old_values": null, "new_values": null, "ip_address": "127.0.0.1", "description": "DEMO DOCTOR logged in", "created_at": "2026-03-08T21:51:47.606Z"}}, {"model": "accounts.audittrail", "pk": 80, "fields": {"user": 3, "action": "LOGOUT", "module": "accounts", "record_id": "", "old_values": null, "new_values": null, "ip_address": "127.0.0.1", "description": "DEMO DOCTOR logged out", "created_at": "2026-03-08T21:52:16.062Z"}}, {"model": "accounts.audittrail", "pk": 81, "fields": {"user": 1, "action": "LOGIN", "module": "accounts", "record_id": "", "old_values": null, "new_values": null, "ip_address": "127.0.0.1", "description": "Vaisah Peter Zirra logged in", "created_at": "2026-03-08T21:52:25.429Z"}}, {"model": "accounts.audittrail", "pk": 82, "fields": {"user": 1, "action": "UPDATE", "module": "role-permissions", "record_id": "2", "old_values": null, "new_values": null, "ip_address": "127.0.0.1", "description": "Updated permissions for role: Doctor", "created_at": "2026-03-08T21:52:38.090Z"}}, {"model": "accounts.audittrail", "pk": 83, "fields": {"user": 1, "action": "CREATE", "module": "role-management", "record_id": "9", "old_values": null, "new_values": null, "ip_address": "127.0.0.1", "description": "Created role: hh", "created_at": "2026-03-08T21:52:59.233Z"}}, {"model": "accounts.audittrail", "pk": 84, "fields": {"user": 1, "action": "DELETE", "module": "role-management", "record_id": "9", "old_values": null, "new_values": null, "ip_address": "127.0.0.1", "description": "Deleted role: hh", "created_at": "2026-03-08T21:53:39.168Z"}}, {"model": "accounts.audittrail", "pk": 85, "fields": {"user": 3, "action": "LOGIN", "module": "accounts", "record_id": "", "old_values": null, "new_values": null, "ip_address": "127.0.0.1", "description": "DEMO DOCTOR logged in", "created_at": "2026-03-08T21:54:07.452Z"}}, {"model": "accounts.audittrail", "pk": 86, "fields": {"user": 1, "action": "UPDATE", "module": "role-permissions", "record_id": "2", "old_values": null, "new_values": null, "ip_address": "127.0.0.1", "description": "Updated permissions for role: Doctor", "created_at": "2026-03-08T21:54:40.389Z"}}, {"model": "accounts.audittrail", "pk": 87, "fields": {"user": 1, "action": "CREATE", "module": "role-management", "record_id": "10", "old_values": null, "new_values": null, "ip_address": "127.0.0.1", "description": "Created role: NurseDemo", "created_at": "2026-03-08T22:02:42.121Z"}}, {"model": "accounts.audittrail", "pk": 88, "fields": {"user": 1, "action": "UPDATE", "module": "role-permissions", "record_id": "10", "old_values": null, "new_values": null, "ip_address": "127.0.0.1", "description": "Updated permissions for role: NurseDemo", "created_at": "2026-03-08T22:03:04.219Z"}}, {"model": "accounts.audittrail", "pk": 89, "fields": {"user": 1, "action": "UPDATE", "module": "role-permissions", "record_id": "10", "old_values": null, "new_values": null, "ip_address": "127.0.0.1", "description": "Updated permissions for role: NurseDemo", "created_at": "2026-03-08T22:03:06.408Z"}}, {"model": "accounts.audittrail", "pk": 90, "fields": {"user": 1, "action": "UPDATE", "module": "role-permissions", "record_id": "10", "old_values": null, "new_values": null, "ip_address": "127.0.0.1", "description": "Updated permissions for role: NurseDemo", "created_at": "2026-03-08T22:03:40.431Z"}}, {"model": "accounts.audittrail", "pk": 91, "fields": {"user": 1, "action": "UPDATE", "module": "role-permissions", "record_id": "3", "old_values": null, "new_values": null, "ip_address": "127.0.0.1", "description": "Updated permissions for role: Nurse", "created_at": "2026-03-08T22:03:49.895Z"}}, {"model": "accounts.audittrail", "pk": 92, "fields": {"user": 1, "action": "UPDATE", "module": "user-management", "record_id": "3", "old_values": {"role": "Doctor", "email": "demodoc@neu.edu.ng", "is_active": true, "last_name": "DOCTOR", "first_name": "DEMO"}, "new_values": {"role": "NurseDemo", "email": "demodoc@neu.edu.ng", "is_active": true, "last_name": "DOCTOR", "first_name": "DEMO"}, "ip_address": "127.0.0.1", "description": "Updated staff account: DEMO DOCTOR", "created_at": "2026-03-08T22:04:06.474Z"}}, {"model": "accounts.audittrail", "pk": 93, "fields": {"user": 1, "action": "UPDATE", "module": "role-permissions", "record_id": "10", "old_values": null, "new_values": null, "ip_address": "127.0.0.1", "description": "Updated permissions for role: NurseDemo", "created_at": "2026-03-08T22:04:37.350Z"}}, {"model": "accounts.audittrail", "pk": 94, "fields": {"user": 1, "action": "UPDATE", "module": "role-permissions", "record_id": "10", "old_values": null, "new_values": null, "ip_address": "127.0.0.1", "description": "Updated permissions for role: NurseDemo", "created_at": "2026-03-08T22:04:41.039Z"}}, {"model": "accounts.audittrail", "pk": 95, "fields": {"user": 1, "action": "UPDATE", "module": "user-management", "record_id": "3", "old_values": {"role": "NurseDemo", "email": "demodoc@neu.edu.ng", "is_active": true, "last_name": "DOCTOR", "first_name": "DEMO"}, "new_values": {"role": "ICT Admin", "email": "demodoc@neu.edu.ng", "is_active": true, "last_name": "DOCTOR", "first_name": "DEMO"}, "ip_address": "127.0.0.1", "description": "Updated staff account: DEMO DOCTOR", "created_at": "2026-03-08T22:06:06.464Z"}}, {"model": "accounts.audittrail", "pk": 96, "fields": {"user": 1, "action": "DELETE", "module": "role-management", "record_id": "10", "old_values": null, "new_values": null, "ip_address": "127.0.0.1", "description": "Deleted role: NurseDemo", "created_at": "2026-03-08T22:06:12.913Z"}}, {"model": "accounts.audittrail", "pk": 97, "fields": {"user": 1, "action": "UPDATE", "module": "role-permissions", "record_id": "7", "old_values": null, "new_values": null, "ip_address": "127.0.0.1", "description": "Updated permissions for role: ICT Admin", "created_at": "2026-03-08T22:06:22.367Z"}}, {"model": "accounts.audittrail", "pk": 98, "fields": {"user": 1, "action": "UPDATE", "module": "role-permissions", "record_id": "7", "old_values": null, "new_values": null, "ip_address": "127.0.0.1", "description": "Updated permissions for role: ICT Admin", "created_at": "2026-03-08T22:12:41.271Z"}}, {"model": "accounts.audittrail", "pk": 99, "fields": {"user": 1, "action": "UPDATE", "module": "role-permissions", "record_id": "7", "old_values": null, "new_values": null, "ip_address": "127.0.0.1", "description": "Updated permissions for role: ICT Admin", "created_at": "2026-03-08T22:14:41.584Z"}}, {"model": "accounts.audittrail", "pk": 100, "fields": {"user": 1, "action": "UPDATE", "module": "role-permissions", "record_id": "7", "old_values": null, "new_values": null, "ip_address": "127.0.0.1", "description": "Updated permissions for role: ICT Admin", "created_at": "2026-03-08T22:15:16.979Z"}}, {"model": "accounts.audittrail", "pk": 101, "fields": {"user": 1, "action": "UPDATE", "module": "role-permissions", "record_id": "7", "old_values": null, "new_values": null, "ip_address": "127.0.0.1", "description": "Updated permissions for role: ICT Admin", "created_at": "2026-03-08T22:15:43.113Z"}}, {"model": "accounts.audittrail", "pk": 102, "fields": {"user": 1, "action": "UPDATE", "module": "role-permissions", "record_id": "7", "old_values": null, "new_values": null, "ip_address": "127.0.0.1", "description": "Updated permissions for role: ICT Admin", "created_at": "2026-03-08T22:15:58.119Z"}}, {"model": "accounts.audittrail", "pk": 103, "fields": {"user": 1, "action": "UPDATE", "module": "role-permissions", "record_id": "7", "old_values": null, "new_values": null, "ip_address": "127.0.0.1", "description": "Updated permissions for role: ICT Admin", "created_at": "2026-03-08T22:16:31.474Z"}}, {"model": "accounts.audittrail", "pk": 104, "fields": {"user": 3, "action": "LOGIN", "module": "accounts", "record_id": "", "old_values": null, "new_values": null, "ip_address": "127.0.0.1", "description": "DEMO DOCTOR logged in", "created_at": "2026-03-09T08:23:11.036Z"}}, {"model": "accounts.audittrail", "pk": 105, "fields": {"user": 1, "action": "LOGIN", "module": "accounts", "record_id": "", "old_values": null, "new_values": null, "ip_address": "127.0.0.1", "description": "Vaisah Peter Zirra logged in", "created_at": "2026-03-09T08:23:23.660Z"}}, {"model": "accounts.audittrail", "pk": 106, "fields": {"user": 1, "action": "LOGIN", "module": "accounts", "record_id": "", "old_values": null, "new_values": null, "ip_address": "127.0.0.1", "description": "Vaisah Peter Zirra logged in", "created_at": "2026-03-09T11:12:59.674Z"}}, {"model": "accounts.audittrail", "pk": 107, "fields": {"user": 3, "action": "LOGIN", "module": "accounts", "record_id": "", "old_values": null, "new_values": null, "ip_address": "127.0.0.1", "description": "DEMO DOCTOR logged in", "created_at": "2026-03-09T11:13:59.333Z"}}, {"model": "accounts.audittrail", "pk": 108, "fields": {"user": 1, "action": "LOGIN", "module": "accounts", "record_id": "", "old_values": null, "new_values": null, "ip_address": "127.0.0.1", "description": "Vaisah Peter Zirra logged in", "created_at": "2026-03-09T12:48:09.347Z"}}, {"model": "accounts.audittrail", "pk": 109, "fields": {"user": 1, "action": "UPDATE", "module": "role-permissions", "record_id": "2", "old_values": null, "new_values": null, "ip_address": "127.0.0.1", "description": "Updated permissions for role: Doctor", "created_at": "2026-03-09T13:37:53.458Z"}}, {"model": "accounts.audittrail", "pk": 110, "fields": {"user": 3, "action": "LOGIN", "module": "accounts", "record_id": "", "old_values": null, "new_values": null, "ip_address": "127.0.0.1", "description": "DEMO DOCTOR logged in", "created_at": "2026-03-09T13:38:35.872Z"}}, {"model": "accounts.audittrail", "pk": 111, "fields": {"user": 1, "action": "UPDATE", "module": "role-permissions", "record_id": "7", "old_values": null, "new_values": null, "ip_address": "127.0.0.1", "description": "Updated permissions for role: ICT Admin", "created_at": "2026-03-09T13:39:00.126Z"}}, {"model": "accounts.audittrail", "pk": 112, "fields": {"user": 3, "action": "LOGOUT", "module": "accounts", "record_id": "", "old_values": null, "new_values": null, "ip_address": "127.0.0.1", "description": "DEMO DOCTOR logged out", "created_at": "2026-03-09T13:47:56.097Z"}}, {"model": "accounts.audittrail", "pk": 113, "fields": {"user": 1, "action": "UPDATE", "module": "accounts", "record_id": "", "old_values": null, "new_values": null, "ip_address": "127.0.0.1", "description": "Password reset requested for vaisahzirra7@gmail.com", "created_at": "2026-03-09T14:00:44.350Z"}}, {"model": "accounts.audittrail", "pk": 114, "fields": {"user": 1, "action": "UPDATE", "module": "accounts", "record_id": "", "old_values": null, "new_values": null, "ip_address": "127.0.0.1", "description": "Password reset requested for vaisahzirra7@gmail.com", "created_at": "2026-03-09T14:01:58.273Z"}}, {"model": "accounts.audittrail", "pk": 115, "fields": {"user": 1, "action": "UPDATE", "module": "accounts", "record_id": "", "old_values": null, "new_values": null, "ip_address": "127.0.0.1", "description": "Password reset requested for vaisahzirra7@gmail.com", "created_at": "2026-03-09T14:26:05.336Z"}}, {"model": "accounts.audittrail", "pk": 116, "fields": {"user": 1, "action": "UPDATE", "module": "accounts", "record_id": "", "old_values": null, "new_values": null, "ip_address": "127.0.0.1", "description": "Password reset requested for vaisahzirra7@gmail.com", "created_at": "2026-03-09T14:27:30.206Z"}}, {"model": "accounts.audittrail", "pk": 117, "fields": {"user": 1, "action": "UPDATE", "module": "accounts", "record_id": "", "old_values": null, "new_values": null, "ip_address": "127.0.0.1", "description": "Password reset requested for vaisahzirra7@gmail.com", "created_at": "2026-03-09T14:37:11.625Z"}}, {"model": "accounts.audittrail", "pk": 118, "fields": {"user": 1, "action": "LOGIN", "module": "accounts", "record_id": "", "old_values": null, "new_values": null, "ip_address": "127.0.0.1", "description": "Vaisah Peter Zirra logged in", "created_at": "2026-03-09T14:55:00.875Z"}}, {"model": "accounts.audittrail", "pk": 119, "fields": {"user": 3, "action": "LOGIN", "module": "accounts", "record_id": "", "old_values": null, "new_values": null, "ip_address": "127.0.0.1", "description": "DEMO DOCTOR logged in", "created_at": "2026-03-09T14:55:40.586Z"}}, {"model": "accounts.audittrail", "pk": 120, "fields": {"user": 1, "action": "UPDATE", "module": "role-permissions", "record_id": "7", "old_values": null, "new_values": null, "ip_address": "127.0.0.1", "description": "Updated permissions for role: ICT Admin", "created_at": "2026-03-09T14:57:30.627Z"}}, {"model": "accounts.audittrail", "pk": 121, "fields": {"user": 1, "action": "UPDATE", "module": "role-permissions", "record_id": "7", "old_values": null, "new_values": null, "ip_address": "127.0.0.1", "description": "Updated permissions for role: ICT Admin", "created_at": "2026-03-09T14:58:11.043Z"}}, {"model": "accounts.audittrail", "pk": 122, "fields": {"user": 3, "action": "LOGIN", "module": "accounts", "record_id": "", "old_values": null, "new_values": null, "ip_address": "127.0.0.1", "description": "DEMO DOCTOR logged in", "created_at": "2026-03-09T16:44:24.995Z"}}, {"model": "accounts.audittrail", "pk": 123, "fields": {"user": 1, "action": "LOGIN", "module": "accounts", "record_id": "", "old_values": null, "new_values": null, "ip_address": "127.0.0.1", "description": "Vaisah Peter Zirra logged in", "created_at": "2026-03-09T23:38:07.519Z"}}, {"model": "accounts.audittrail", "pk": 124, "fields": {"user": 1, "action": "LOGIN", "module": "accounts", "record_id": "", "old_values": null, "new_values": null, "ip_address": "127.0.0.1", "description": "Vaisah Peter Zirra logged in", "created_at": "2026-03-09T23:42:38.667Z"}}, {"model": "accounts.audittrail", "pk": 125, "fields": {"user": 1, "action": "LOGIN", "module": "accounts", "record_id": "", "old_values": null, "new_values": null, "ip_address": "127.0.0.1", "description": "Vaisah Peter Zirra logged in", "created_at": "2026-03-10T07:14:44.717Z"}}, {"model": "accounts.audittrail", "pk": 126, "fields": {"user": 1, "action": "LOGIN", "module": "accounts", "record_id": "", "old_values": null, "new_values": null, "ip_address": "127.0.0.1", "description": "Vaisah Peter Zirra logged in", "created_at": "2026-03-10T14:11:09.876Z"}}, {"model": "accounts.audittrail", "pk": 127, "fields": {"user": 1, "action": "LOGIN", "module": "accounts", "record_id": "", "old_values": null, "new_values": null, "ip_address": "197.159.72.136", "description": "Vaisah Peter Zirra logged in", "created_at": "2026-03-10T15:02:53.302Z"}}, {"model": "accounts.audittrail", "pk": 128, "fields": {"user": 1, "action": "LOGOUT", "module": "accounts", "record_id": "", "old_values": null, "new_values": null, "ip_address": "197.159.72.130", "description": "Vaisah Peter Zirra logged out", "created_at": "2026-03-10T15:32:12.009Z"}}, {"model": "accounts.audittrail", "pk": 129, "fields": {"user": 1, "action": "LOGIN", "module": "accounts", "record_id": "", "old_values": null, "new_values": null, "ip_address": "197.159.72.130", "description": "Vaisah Peter Zirra logged in", "created_at": "2026-03-10T15:59:57.913Z"}}, {"model": "accounts.audittrail", "pk": 130, "fields": {"user": 1, "action": "LOGOUT", "module": "accounts", "record_id": "", "old_values": null, "new_values": null, "ip_address": "197.159.72.130", "description": "Vaisah Peter Zirra logged out", "created_at": "2026-03-10T16:08:08.855Z"}}, {"model": "accounts.audittrail", "pk": 131, "fields": {"user": 1, "action": "LOGIN", "module": "accounts", "record_id": "", "old_values": null, "new_values": null, "ip_address": "197.159.72.130", "description": "Vaisah Peter Zirra logged in", "created_at": "2026-03-10T16:08:22.103Z"}}, {"model": "accounts.audittrail", "pk": 132, "fields": {"user": 1, "action": "LOGIN", "module": "accounts", "record_id": "", "old_values": null, "new_values": null, "ip_address": "197.159.72.130", "description": "Vaisah Peter Zirra logged in", "created_at": "2026-03-10T16:09:19.701Z"}}, {"model": "accounts.audittrail", "pk": 133, "fields": {"user": 1, "action": "LOGIN", "module": "accounts", "record_id": "", "old_values": null, "new_values": null, "ip_address": "105.113.18.118", "description": "Vaisah Peter Zirra logged in", "created_at": "2026-03-10T17:31:25.786Z"}}, {"model": "accounts.audittrail", "pk": 134, "fields": {"user": 1, "action": "CREATE", "module": "user-management", "record_id": "4", "old_values": null, "new_values": {"name": "Abubakar Ibrahim Sadiq", "role": "Super Admin", "email": "abubakarsadiqibrahim4321@gmail.com"}, "ip_address": "105.113.18.118", "description": "Created staff account for Abubakar Ibrahim Sadiq", "created_at": "2026-03-10T17:35:04.480Z"}}, {"model": "accounts.audittrail", "pk": 135, "fields": {"user": 1, "action": "UPDATE", "module": "user-management", "record_id": "4", "old_values": {"role": "Super Admin", "email": "abubakarsadiqibrahim4321@gmail.com", "is_active": true, "last_name": "Sadiq", "first_name": "Abubakar"}, "new_values": {"role": "Super Admin", "email": "abubakarsadiqibrahim4321@gmail.com", "is_active": true, "last_name": "Sadiq", "first_name": "Abubakar"}, "ip_address": "105.113.18.118", "description": "Updated staff account: Abubakar Ibrahim Sadiq", "created_at": "2026-03-10T17:35:24.899Z"}}, {"model": "accounts.audittrail", "pk": 136, "fields": {"user": 1, "action": "UPDATE", "module": "user-management", "record_id": "2", "old_values": {"role": "Nurse", "email": "test@neu.edu.ng", "is_active": true, "last_name": "User 1", "first_name": "Test"}, "new_values": {"role": "Super Admin", "email": "test@neu.edu.ng", "is_active": true, "last_name": "User 1", "first_name": "Test"}, "ip_address": "105.113.18.118", "description": "Updated staff account: Test User 1", "created_at": "2026-03-10T17:38:10.580Z"}}, {"model": "accounts.audittrail", "pk": 137, "fields": {"user": 1, "action": "UPDATE", "module": "user-management", "record_id": "2", "old_values": null, "new_values": null, "ip_address": "105.113.18.118", "description": "Password reset for Test User 1", "created_at": "2026-03-10T17:38:23.187Z"}}, {"model": "accounts.audittrail", "pk": 138, "fields": {"user": 1, "action": "LOGOUT", "module": "accounts", "record_id": "", "old_values": null, "new_values": null, "ip_address": "105.113.18.118", "description": "Vaisah Peter Zirra logged out", "created_at": "2026-03-10T17:38:56.357Z"}}, {"model": "accounts.audittrail", "pk": 139, "fields": {"user": 2, "action": "LOGIN", "module": "accounts", "record_id": "", "old_values": null, "new_values": null, "ip_address": "105.113.18.118", "description": "Test User 1 logged in", "created_at": "2026-03-10T17:39:20.695Z"}}, {"model": "accounts.audittrail", "pk": 140, "fields": {"user": 2, "action": "UPDATE", "module": "accounts", "record_id": "", "old_values": null, "new_values": null, "ip_address": "105.113.18.118", "description": "Test User 1 changed password on first login", "created_at": "2026-03-10T17:39:42.987Z"}}, {"model": "accounts.audittrail", "pk": 141, "fields": {"user": 2, "action": "LOGOUT", "module": "accounts", "record_id": "", "old_values": null, "new_values": null, "ip_address": "105.113.18.118", "description": "Test User 1 logged out", "created_at": "2026-03-10T17:40:00.398Z"}}, {"model": "accounts.audittrail", "pk": 142, "fields": {"user": 1, "action": "LOGIN", "module": "accounts", "record_id": "", "old_values": null, "new_values": null, "ip_address": "105.113.18.118", "description": "Vaisah Peter Zirra logged in", "created_at": "2026-03-10T17:40:41.292Z"}}, {"model": "accounts.audittrail", "pk": 143, "fields": {"user": 1, "action": "UPDATE", "module": "role-permissions", "record_id": "7", "old_values": null, "new_values": null, "ip_address": "105.113.18.118", "description": "Updated permissions for role: ICT Admin", "created_at": "2026-03-10T17:41:06.396Z"}}, {"model": "accounts.audittrail", "pk": 144, "fields": {"user": 1, "action": "UPDATE", "module": "role-permissions", "record_id": "7", "old_values": null, "new_values": null, "ip_address": "105.113.18.118", "description": "Updated permissions for role: ICT Admin", "created_at": "2026-03-10T17:42:00.194Z"}}, {"model": "accounts.audittrail", "pk": 145, "fields": {"user": 1, "action": "UPDATE", "module": "user-management", "record_id": "4", "old_values": {"role": "Super Admin", "email": "abubakarsadiqibrahim4321@gmail.com", "is_active": true, "last_name": "Sadiq", "first_name": "Abubakar"}, "new_values": {"role": "ICT Admin", "email": "abubakarsadiqibrahim4321@gmail.com", "is_active": true, "last_name": "Sadiq", "first_name": "Abubakar"}, "ip_address": "105.113.18.118", "description": "Updated staff account: Abubakar Ibrahim Sadiq", "created_at": "2026-03-10T17:42:39.799Z"}}, {"model": "accounts.audittrail", "pk": 146, "fields": {"user": 1, "action": "UPDATE", "module": "user-management", "record_id": "2", "old_values": {"role": "Super Admin", "email": "test@neu.edu.ng", "is_active": true, "last_name": "User 1", "first_name": "Test"}, "new_values": {"role": "ICT Admin", "email": "test@neu.edu.ng", "is_active": true, "last_name": "User 1", "first_name": "Test"}, "ip_address": "105.113.18.118", "description": "Updated staff account: Test User 1", "created_at": "2026-03-10T17:43:02.608Z"}}, {"model": "accounts.audittrail", "pk": 147, "fields": {"user": 1, "action": "LOGOUT", "module": "accounts", "record_id": "", "old_values": null, "new_values": null, "ip_address": "105.113.18.118", "description": "Vaisah Peter Zirra logged out", "created_at": "2026-03-10T17:43:06.734Z"}}, {"model": "accounts.audittrail", "pk": 148, "fields": {"user": 2, "action": "LOGIN", "module": "accounts", "record_id": "", "old_values": null, "new_values": null, "ip_address": "105.113.18.118", "description": "Test User 1 logged in", "created_at": "2026-03-10T17:43:23.782Z"}}, {"model": "accounts.audittrail", "pk": 149, "fields": {"user": 4, "action": "LOGIN", "module": "accounts", "record_id": "", "old_values": null, "new_values": null, "ip_address": "102.91.104.22", "description": "Abubakar Ibrahim Sadiq logged in", "created_at": "2026-03-10T17:45:19.097Z"}}, {"model": "accounts.audittrail", "pk": 150, "fields": {"user": 4, "action": "UPDATE", "module": "accounts", "record_id": "", "old_values": null, "new_values": null, "ip_address": "102.91.104.22", "description": "Abubakar Ibrahim Sadiq changed password on first login", "created_at": "2026-03-10T17:45:54.091Z"}}, {"model": "accounts.audittrail", "pk": 151, "fields": {"user": 2, "action": "LOGOUT", "module": "accounts", "record_id": "", "old_values": null, "new_values": null, "ip_address": "105.113.18.118", "description": "Test User 1 logged out", "created_at": "2026-03-10T17:46:56.103Z"}}, {"model": "accounts.audittrail", "pk": 152, "fields": {"user": 1, "action": "LOGIN", "module": "accounts", "record_id": "", "old_values": null, "new_values": null, "ip_address": "105.113.18.118", "description": "Vaisah Peter Zirra logged in", "created_at": "2026-03-10T17:50:59.292Z"}}, {"model": "accounts.audittrail", "pk": 153, "fields": {"user": 1, "action": "LOGIN", "module": "accounts", "record_id": "", "old_values": null, "new_values": null, "ip_address": "105.113.18.60", "description": "Vaisah Peter Zirra logged in", "created_at": "2026-03-10T20:57:52.117Z"}}, {"model": "accounts.audittrail", "pk": 154, "fields": {"user": 1, "action": "LOGIN", "module": "accounts", "record_id": "", "old_values": null, "new_values": null, "ip_address": "105.119.30.139", "description": "Vaisah Peter Zirra logged in", "created_at": "2026-03-10T22:37:22.869Z"}}, {"model": "accounts.audittrail", "pk": 155, "fields": {"user": 1, "action": "LOGOUT", "module": "accounts", "record_id": "", "old_values": null, "new_values": null, "ip_address": "105.119.30.139", "description": "Vaisah Peter Zirra logged out", "created_at": "2026-03-10T22:41:20.106Z"}}, {"model": "accounts.audittrail", "pk": 156, "fields": {"user": 1, "action": "LOGIN", "module": "accounts", "record_id": "", "old_values": null, "new_values": null, "ip_address": "105.119.30.139", "description": "Vaisah Peter Zirra logged in", "created_at": "2026-03-10T22:43:28.664Z"}}, {"model": "accounts.audittrail", "pk": 157, "fields": {"user": 1, "action": "UPDATE", "module": "user-management", "record_id": "2", "old_values": null, "new_values": null, "ip_address": "105.119.30.139", "description": "Password reset for Test User 1", "created_at": "2026-03-10T22:43:51.960Z"}}, {"model": "accounts.audittrail", "pk": 158, "fields": {"user": 1, "action": "LOGOUT", "module": "accounts", "record_id": "", "old_values": null, "new_values": null, "ip_address": "105.119.30.139", "description": "Vaisah Peter Zirra logged out", "created_at": "2026-03-10T22:43:57.891Z"}}, {"model": "accounts.audittrail", "pk": 159, "fields": {"user": 2, "action": "LOGIN", "module": "accounts", "record_id": "", "old_values": null, "new_values": null, "ip_address": "105.119.30.139", "description": "Test User 1 logged in", "created_at": "2026-03-10T22:44:09.276Z"}}, {"model": "accounts.audittrail", "pk": 160, "fields": {"user": 2, "action": "UPDATE", "module": "accounts", "record_id": "", "old_values": null, "new_values": null, "ip_address": "105.119.30.139", "description": "Test User 1 changed password on first login", "created_at": "2026-03-10T22:44:17.065Z"}}, {"model": "accounts.audittrail", "pk": 161, "fields": {"user": 2, "action": "LOGOUT", "module": "accounts", "record_id": "", "old_values": null, "new_values": null, "ip_address": "105.119.30.139", "description": "Test User 1 logged out", "created_at": "2026-03-10T22:44:21.325Z"}}, {"model": "accounts.audittrail", "pk": 162, "fields": {"user": 2, "action": "LOGIN", "module": "accounts", "record_id": "", "old_values": null, "new_values": null, "ip_address": "105.119.30.139", "description": "Test User 1 logged in", "created_at": "2026-03-10T22:44:40.263Z"}}, {"model": "accounts.audittrail", "pk": 163, "fields": {"user": 4, "action": "LOGIN", "module": "accounts", "record_id": "", "old_values": null, "new_values": null, "ip_address": "102.91.103.49", "description": "Abubakar Ibrahim Sadiq logged in", "created_at": "2026-03-11T10:05:15.268Z"}}, {"model": "accounts.audittrail", "pk": 164, "fields": {"user": 4, "action": "UPDATE", "module": "user-management", "record_id": "1", "old_values": null, "new_values": null, "ip_address": "102.91.103.49", "description": "Account deactivated: Vaisah Peter Zirra", "created_at": "2026-03-11T10:07:05.100Z"}}, {"model": "accounts.audittrail", "pk": 165, "fields": {"user": 4, "action": "UPDATE", "module": "user-management", "record_id": "1", "old_values": {"role": "Super Admin", "email": "vaisahzirra7@gmail.com", "is_active": false, "last_name": "Zirra", "first_name": "Vaisah"}, "new_values": {"role": "Super Admin", "email": "vaisahzirra7@gmail.com", "is_active": false, "last_name": "Zirra", "first_name": "Vaisah"}, "ip_address": "102.91.103.49", "description": "Updated staff account: Vaisah Peter Zirra", "created_at": "2026-03-11T10:26:19.702Z"}}, {"model": "accounts.audittrail", "pk": 166, "fields": {"user": 2, "action": "LOGIN", "module": "accounts", "record_id": "", "old_values": null, "new_values": null, "ip_address": "105.119.1.10", "description": "Test User 1 logged in", "created_at": "2026-03-13T00:36:07.598Z"}}, {"model": "accounts.audittrail", "pk": 167, "fields": {"user": 2, "action": "UPDATE", "module": "user-management", "record_id": "1", "old_values": null, "new_values": null, "ip_address": "105.119.1.10", "description": "Account activated: Vaisah Peter Zirra", "created_at": "2026-03-13T00:36:23.001Z"}}, {"model": "accounts.audittrail", "pk": 168, "fields": {"user": 2, "action": "UPDATE", "module": "user-management", "record_id": "4", "old_values": null, "new_values": null, "ip_address": "105.119.1.10", "description": "Account deactivated: Abubakar Ibrahim Sadiq", "created_at": "2026-03-13T00:37:03.001Z"}}, {"model": "accounts.passwordresettoken", "pk": 1, "fields": {"user": 1, "token": "YgePf-MoCn2YrtHIoeUVa7YVs7UOY7xzAmz-_r97gI3MKtUEJoK23ntT-PHq3H0I", "expires_at": "2026-03-09T15:00:42.986Z", "used": true, "created_at": "2026-03-09T14:00:42.987Z"}}, {"model": "accounts.passwordresettoken", "pk": 2, "fields": {"user": 1, "token": "0OeWmbeFkwfWTD5rsXdgmCiwmLPCKdAME3ltapqxC_v3UZF5c0cW65Uvsa0peqEY", "expires_at": "2026-03-09T15:01:58.262Z", "used": true, "created_at": "2026-03-09T14:01:58.262Z"}}, {"model": "accounts.passwordresettoken", "pk": 3, "fields": {"user": 1, "token": "TItJZZWKu5if7mCJzb146YQtIjpjMpVUpZCubFBlzCd1U16zf8V5SN5FBOXe8Pmg", "expires_at": "2026-03-09T15:26:03.956Z", "used": true, "created_at": "2026-03-09T14:26:03.957Z"}}, {"model": "accounts.passwordresettoken", "pk": 4, "fields": {"user": 1, "token": "MzIJaiqhMV4EwU9adC7TPZTRze9SKve-bRA2xfyCQJbL2XcD3oDBSyVeieEC4PUT", "expires_at": "2026-03-09T15:27:23.041Z", "used": true, "created_at": "2026-03-09T14:27:23.042Z"}}, {"model": "accounts.passwordresettoken", "pk": 5, "fields": {"user": 1, "token": "1GPqIVtJoAjogDG9ZTmmruNWKeNofJ_XFKKqvNqM0g3KAG2JBjzXNPOX3TmgrC2I", "expires_at": "2026-03-09T15:37:05.315Z", "used": true, "created_at": "2026-03-09T14:37:05.315Z"}}, {"model": "accounts.passwordresettoken", "pk": 6, "fields": {"user": 1, "token": "X6A1ea65GQ06VGg4Ep2mpuS42O2pA_iT1oc6C-QUPqRvNc5SYJsUnY77uKLUNG5k", "expires_at": "2026-03-10T18:47:12.893Z", "used": true, "created_at": "2026-03-10T17:47:12.894Z"}}, {"model": "accounts.passwordresettoken", "pk": 7, "fields": {"user": 1, "token": "2DWkmDQia8nNodQhJVxmlBvY2mkjzL3dpy3Em98Jz3u1iL8jsxBx5P4GVFSE3Kwm", "expires_at": "2026-03-10T18:47:46.682Z", "used": true, "created_at": "2026-03-10T17:47:46.684Z"}}, {"model": "accounts.passwordresettoken", "pk": 8, "fields": {"user": 1, "token": "lrpj-ueeUam3oSgYhv2vn3JI5dsKALknqoe9Mht6tjBYBwVC-ClSbdRgooNaSFPl", "expires_at": "2026-03-13T01:46:42.695Z", "used": false, "created_at": "2026-03-13T00:46:42.695Z"}}, {"model": "patients.faculty", "pk": 1, "fields": {"name": "Faculty of Science and Computing", "code": "FSC", "is_active": true, "created_at": "2026-03-05T00:11:55.783Z"}}, {"model": "patients.faculty", "pk": 2, "fields": {"name": "Faculty of Communication, Management and Social Sciences", "code": "FCMSS", "is_active": true, "created_at": "2026-03-05T00:12:28.608Z"}}, {"model": "patients.faculty", "pk": 3, "fields": {"name": "Faculty of Allied Health Sciences", "code": "FAHS", "is_active": true, "created_at": "2026-03-05T00:12:44.205Z"}}, {"model": "patients.faculty", "pk": 4, "fields": {"name": "Faculty of Law", "code": "FOL", "is_active": true, "created_at": "2026-03-05T00:13:03.165Z"}}, {"model": "patients.department", "pk": 1, "fields": {"faculty": 1, "name": "Computing", "code": "CSC", "is_active": true, "created_at": "2026-03-05T00:13:22.228Z"}}, {"model": "patients.department", "pk": 2, "fields": {"faculty": 4, "name": "Common Law", "code": "CLA", "is_active": true, "created_at": "2026-03-05T00:13:39.724Z"}}, {"model": "patients.department", "pk": 3, "fields": {"faculty": 4, "name": "Common and Islamic Law", "code": "ISL", "is_active": true, "created_at": "2026-03-05T00:13:54.601Z"}}, {"model": "patients.programme", "pk": 1, "fields": {"faculty": 1, "department": 1, "name": "Computer Science", "code": "CSC", "duration": 4, "is_active": true, "created_at": "2026-03-05T00:14:28.444Z"}}, {"model": "patients.programme", "pk": 2, "fields": {"faculty": 1, "department": 1, "name": "Software Engineering", "code": "SEN", "duration": 4, "is_active": true, "created_at": "2026-03-05T00:14:43.836Z"}}, {"model": "patients.programme", "pk": 3, "fields": {"faculty": 1, "department": 1, "name": "Cyber Security", "code": "CYB", "duration": 4, "is_active": true, "created_at": "2026-03-05T00:14:58.804Z"}}, {"model": "patients.programme", "pk": 4, "fields": {"faculty": 1, "department": 1, "name": "Information Technology", "code": "IFT", "duration": 4, "is_active": true, "created_at": "2026-03-05T00:15:11.884Z"}}, {"model": "patients.programme", "pk": 5, "fields": {"faculty": 1, "department": 1, "name": "Data Science", "code": "DTS", "duration": 4, "is_active": true, "created_at": "2026-03-05T00:15:23.502Z"}}, {"model": "patients.patient", "pk": 1, "fields": {"matric_no": "NEU/22/23/SEN/00000", "patient_type": "Student", "first_name": "Sausan", "last_name": "Ibrahim", "other_names": "Kwami", "photo": "patients/photos/NEU/22/23/SEN/00000.jpeg", "date_of_birth": "2000-03-07", "gender": "Female", "marital_status": "Married", "religion": "Islam", "nationality": "Nigerian", "state_of_origin": "", "lga": "", "home_address": "", "phone": "", "email": "", "nin": "00000000000", "faculty": null, "department": null, "programme": null, "level": "", "academic_session": "", "blood_group": "A+", "genotype": "AA", "allergies": "", "chronic_conditions": "", "disabilities": "", "current_medications": "", "surgical_history": "", "family_history": "", "emergency_name": "", "emergency_relationship": "", "emergency_phone": "", "emergency_address": "", "nok_name": "", "nok_relationship": "", "nok_phone": "", "nok_address": "", "is_active": false, "notes": "", "registered_by": 1, "created_at": "2026-03-05T00:17:06.332Z", "updated_at": "2026-03-05T00:17:06.332Z", "external_id": "", "sync_source": "MANUAL"}}, {"model": "patients.patient", "pk": 2, "fields": {"matric_no": "NEU/22/23/SEN/00001", "patient_type": "Student", "first_name": "Sausan", "last_name": "Ibrahim", "other_names": "Kwami", "photo": "patients/photos/NEU/22/23/SEN/00001.jpeg", "date_of_birth": "2000-03-07", "gender": "Female", "marital_status": "Married", "religion": "Islam", "nationality": "Nigerian", "state_of_origin": "Gombe", "lga": "Kwami", "home_address": "Gombe", "phone": "08100000001", "email": "sausan.kwami@student.neu.edu.ng", "nin": "00000000000", "faculty": 1, "department": 1, "programme": 2, "level": "400", "academic_session": "2022/2023", "blood_group": "A+", "genotype": "AA", "allergies": "DEMO", "chronic_conditions": "NIL", "disabilities": "NIL", "current_medications": "DEMO", "surgical_history": "DEMO", "family_history": "DEMO", "emergency_name": "Ibrahim Kwami", "emergency_relationship": "Father", "emergency_phone": "08000000002", "emergency_address": "Gombe", "nok_name": "Ibrahim Kwami", "nok_relationship": "Father", "nok_phone": "08000000002", "nok_address": "Gombe", "is_active": true, "notes": "DEMO", "registered_by": 1, "created_at": "2026-03-05T00:20:40.779Z", "updated_at": "2026-03-09T15:10:39.770Z", "external_id": "", "sync_source": "MANUAL"}}, {"model": "appointments.appointment", "pk": 1, "fields": {"appointment_id": "APT-2026-00001", "patient": 2, "appointment_type": "General Consultation", "custom_type": "", "appointment_date": "2026-03-05", "time_slot": "11:30", "reason": "", "notes": "", "assigned_to": null, "status": "Cancelled", "cancellation_reason": "DEMO", "created_by": 1, "created_at": "2026-03-05T01:16:09.600Z", "updated_at": "2026-03-05T01:16:52.281Z"}}, {"model": "appointments.appointment", "pk": 2, "fields": {"appointment_id": "APT-2026-00002", "patient": 2, "appointment_type": "General Consultation", "custom_type": "", "appointment_date": "2026-03-12", "time_slot": "05:30", "reason": "DEMO PURPOSE", "notes": "DEMO NOTE", "assigned_to": null, "status": "Cancelled", "cancellation_reason": "DEMO CANCEL", "created_by": 1, "created_at": "2026-03-05T11:41:14.739Z", "updated_at": "2026-03-05T11:41:29.031Z"}}, {"model": "appointments.appointment", "pk": 3, "fields": {"appointment_id": "APT-2026-00003", "patient": 2, "appointment_type": "General Consultation", "custom_type": "", "appointment_date": "2026-03-06", "time_slot": "22:23", "reason": "", "notes": "", "assigned_to": 3, "status": "Completed", "cancellation_reason": "", "created_by": 1, "created_at": "2026-03-06T21:23:24.481Z", "updated_at": "2026-03-06T21:25:08.781Z"}}, {"model": "inventory.drugcategory", "pk": 1, "fields": {"name": "Antibiotics", "description": "", "is_active": true, "created_at": "2026-03-06T07:54:05.135Z"}}, {"model": "inventory.drug", "pk": 1, "fields": {"drug_code": "DRG-2026-0001", "name": "Amocicillin", "generic_name": "Amoxicilin Tri", "category": 1, "dosage_form": "Tablet", "strength": "500ml", "unit": "Packs", "reorder_level": 10, "supplier": "Pharmaplus", "manufacturer": "GSK", "description": "", "is_active": true, "created_by": 1, "created_at": "2026-03-06T07:56:00.226Z", "updated_at": "2026-03-06T07:56:48.181Z"}}, {"model": "inventory.stockbatch", "pk": 1, "fields": {"drug": 1, "batch_number": "BT001", "quantity_received": 50, "quantity_remaining": 43, "unit_cost": null, "expiry_date": "2026-03-06", "date_received": "2026-03-06", "supplier": "Pharmaplus", "notes": "", "is_active": true, "received_by": 1, "created_at": "2026-03-06T07:56:36.641Z"}}, {"model": "inventory.stockbatch", "pk": 2, "fields": {"drug": 1, "batch_number": "BT001", "quantity_received": 10, "quantity_remaining": 10, "unit_cost": null, "expiry_date": "2026-03-29", "date_received": "2026-03-06", "supplier": "Pharmaplus", "notes": "", "is_active": true, "received_by": 1, "created_at": "2026-03-06T07:58:17.098Z"}}, {"model": "inventory.stockbatch", "pk": 3, "fields": {"drug": 1, "batch_number": "bt003", "quantity_received": 50, "quantity_remaining": 50, "unit_cost": null, "expiry_date": "2029-12-23", "date_received": "2026-03-09", "supplier": "YadakLTD", "notes": "", "is_active": true, "received_by": 1, "created_at": "2026-03-09T15:18:47.707Z"}}, {"model": "inventory.stocktransaction", "pk": 1, "fields": {"drug": 1, "batch": 1, "type": "IN", "quantity": 50, "reference": "BT001", "notes": "", "performed_by": 1, "created_at": "2026-03-06T07:56:36.646Z"}}, {"model": "inventory.stocktransaction", "pk": 2, "fields": {"drug": 1, "batch": 2, "type": "IN", "quantity": 10, "reference": "BT001", "notes": "", "performed_by": 1, "created_at": "2026-03-06T07:58:17.103Z"}}, {"model": "inventory.stocktransaction", "pk": 3, "fields": {"drug": 1, "batch": 1, "type": "OUT", "quantity": -1, "reference": "RX-2026-00001", "notes": "Dispensed via prescription RX-2026-00001", "performed_by": 1, "created_at": "2026-03-06T15:00:39.430Z"}}, {"model": "inventory.stocktransaction", "pk": 4, "fields": {"drug": 1, "batch": 1, "type": "OUT", "quantity": -1, "reference": "RX-2026-00002", "notes": "Dispensed via prescription RX-2026-00002", "performed_by": 1, "created_at": "2026-03-06T15:08:18.022Z"}}, {"model": "inventory.stocktransaction", "pk": 5, "fields": {"drug": 1, "batch": 1, "type": "OUT", "quantity": -1, "reference": "RX-2026-00003", "notes": "Dispensed via RX-2026-00003", "performed_by": 1, "created_at": "2026-03-06T15:23:22.604Z"}}, {"model": "inventory.stocktransaction", "pk": 6, "fields": {"drug": 1, "batch": 1, "type": "OUT", "quantity": -1, "reference": "RX-2026-00004", "notes": "Dispensed via RX-2026-00004", "performed_by": 1, "created_at": "2026-03-06T15:28:24.148Z"}}, {"model": "inventory.stocktransaction", "pk": 7, "fields": {"drug": 1, "batch": 1, "type": "OUT", "quantity": -2, "reference": "RX-2026-00005", "notes": "Dispensed via RX-2026-00005", "performed_by": 1, "created_at": "2026-03-07T21:47:01.811Z"}}, {"model": "inventory.stocktransaction", "pk": 8, "fields": {"drug": 1, "batch": 3, "type": "IN", "quantity": 50, "reference": "bt003", "notes": "", "performed_by": 1, "created_at": "2026-03-09T15:18:47.713Z"}}, {"model": "inventory.stocktransaction", "pk": 9, "fields": {"drug": 1, "batch": 1, "type": "OUT", "quantity": -1, "reference": "RX-2026-00006", "notes": "Dispensed via RX-2026-00006", "performed_by": 1, "created_at": "2026-03-09T15:22:12.617Z"}}, {"model": "inventory.stocktransaction", "pk": 10, "fields": {"drug": 1, "batch": 1, "type": "OUT", "quantity": -10, "reference": "RX-2026-00007", "notes": "Dispensed via RX-2026-00007", "performed_by": 1, "created_at": "2026-03-10T16:03:01.195Z"}}, {"model": "prescriptions.prescription", "pk": 1, "fields": {"prescription_id": "RX-2026-00001", "patient": 2, "consultation": null, "prescribed_by": 1, "dispensed_by": 1, "dispensed_at": "2026-03-06T15:00:39.412Z", "notes": "", "status": "Dispensed", "created_by": 1, "created_at": "2026-03-06T14:43:26.995Z", "updated_at": "2026-03-06T15:00:39.444Z"}}, {"model": "prescriptions.prescription", "pk": 2, "fields": {"prescription_id": "RX-2026-00002", "patient": 2, "consultation": null, "prescribed_by": 1, "dispensed_by": 1, "dispensed_at": "2026-03-06T15:08:17.996Z", "notes": "", "status": "Dispensed", "created_by": 1, "created_at": "2026-03-06T15:03:31.077Z", "updated_at": "2026-03-06T15:08:18.033Z"}}, {"model": "prescriptions.prescription", "pk": 3, "fields": {"prescription_id": "RX-2026-00003", "patient": 2, "consultation": null, "prescribed_by": 1, "dispensed_by": 1, "dispensed_at": "2026-03-06T15:23:22.619Z", "notes": "", "status": "Dispensed", "created_by": 1, "created_at": "2026-03-06T15:22:45.749Z", "updated_at": "2026-03-06T15:22:45.749Z"}}, {"model": "prescriptions.prescription", "pk": 4, "fields": {"prescription_id": "RX-2026-00004", "patient": 2, "consultation": null, "prescribed_by": 1, "dispensed_by": 1, "dispensed_at": "2026-03-06T15:28:24.160Z", "notes": "", "status": "Dispensed", "created_by": 1, "created_at": "2026-03-06T15:25:30.270Z", "updated_at": "2026-03-06T15:25:30.270Z"}}, {"model": "prescriptions.prescription", "pk": 5, "fields": {"prescription_id": "RX-2026-00005", "patient": 2, "consultation": null, "prescribed_by": 1, "dispensed_by": 1, "dispensed_at": "2026-03-07T21:47:01.819Z", "notes": "", "status": "Dispensed", "created_by": 1, "created_at": "2026-03-07T21:45:40.585Z", "updated_at": "2026-03-07T21:45:49.371Z"}}, {"model": "prescriptions.prescription", "pk": 6, "fields": {"prescription_id": "RX-2026-00006", "patient": 2, "consultation": null, "prescribed_by": 1, "dispensed_by": 1, "dispensed_at": "2026-03-09T15:22:12.628Z", "notes": "", "status": "Dispensed", "created_by": 1, "created_at": "2026-03-09T15:21:11.187Z", "updated_at": "2026-03-09T15:21:11.187Z"}}, {"model": "prescriptions.prescription", "pk": 7, "fields": {"prescription_id": "RX-2026-00007", "patient": 2, "consultation": 5, "prescribed_by": 1, "dispensed_by": 1, "dispensed_at": "2026-03-10T16:03:01.199Z", "notes": "", "status": "Dispensed", "created_by": 1, "created_at": "2026-03-10T16:02:37.095Z", "updated_at": "2026-03-10T16:02:37.095Z"}}, {"model": "prescriptions.prescriptionitem", "pk": 1, "fields": {"prescription": 1, "drug": 1, "drug_name": "Amocicillin", "dosage": "500", "frequency": "Twice daily", "duration": "3", "route": "Oral", "quantity": 1, "instructions": "", "dispensed_qty": 1}}, {"model": "prescriptions.prescriptionitem", "pk": 2, "fields": {"prescription": 2, "drug": 1, "drug_name": "Amocicillin", "dosage": "500", "frequency": "Twice daily", "duration": "3", "route": "Oral", "quantity": 1, "instructions": "DEMO", "dispensed_qty": 1}}, {"model": "prescriptions.prescriptionitem", "pk": 3, "fields": {"prescription": 3, "drug": 1, "drug_name": "Amocicillin", "dosage": "500", "frequency": "Twice daily", "duration": "3", "route": "Oral", "quantity": 1, "instructions": "DEMO3", "dispensed_qty": 1}}, {"model": "prescriptions.prescriptionitem", "pk": 4, "fields": {"prescription": 4, "drug": 1, "drug_name": "Amocicillin", "dosage": "500", "frequency": "Twice daily", "duration": "3", "route": "Oral", "quantity": 1, "instructions": "DEMO4", "dispensed_qty": 1}}, {"model": "prescriptions.prescriptionitem", "pk": 5, "fields": {"prescription": 5, "drug": 1, "drug_name": "Amocicillin", "dosage": "500", "frequency": "Twice daily", "duration": "3", "route": "Oral", "quantity": 300, "instructions": "", "dispensed_qty": 2}}, {"model": "prescriptions.prescriptionitem", "pk": 6, "fields": {"prescription": 6, "drug": 1, "drug_name": "Amocicillin", "dosage": "500", "frequency": "Twice daily", "duration": "3", "route": "Oral", "quantity": 1, "instructions": "", "dispensed_qty": 1}}, {"model": "prescriptions.prescriptionitem", "pk": 7, "fields": {"prescription": 7, "drug": 1, "drug_name": "Amocicillin", "dosage": "500", "frequency": "Twice daily", "duration": "3", "route": "Oral", "quantity": 10, "instructions": "", "dispensed_qty": 10}}, {"model": "wards.ward", "pk": 1, "fields": {"name": "Male Ward", "description": "General male patient ward", "is_active": true, "created_at": "2026-03-06T20:56:32.578Z"}}, {"model": "wards.ward", "pk": 2, "fields": {"name": "Female Ward", "description": "General female patient ward", "is_active": true, "created_at": "2026-03-06T20:56:32.629Z"}}, {"model": "wards.ward", "pk": 3, "fields": {"name": "Emergency Ward", "description": "Emergency and critical care ward", "is_active": false, "created_at": "2026-03-06T20:56:32.670Z"}}, {"model": "wards.bed", "pk": 1, "fields": {"ward": 1, "bed_number": "Bed 1", "status": "Available", "notes": "", "created_at": "2026-03-06T20:56:32.594Z"}}, {"model": "wards.bed", "pk": 2, "fields": {"ward": 1, "bed_number": "Bed 2", "status": "Available", "notes": "", "created_at": "2026-03-06T20:56:32.598Z"}}, {"model": "wards.bed", "pk": 3, "fields": {"ward": 1, "bed_number": "Bed 3", "status": "Available", "notes": "", "created_at": "2026-03-06T20:56:32.602Z"}}, {"model": "wards.bed", "pk": 4, "fields": {"ward": 1, "bed_number": "Bed 4", "status": "Available", "notes": "", "created_at": "2026-03-06T20:56:32.606Z"}}, {"model": "wards.bed", "pk": 5, "fields": {"ward": 1, "bed_number": "Bed 5", "status": "Available", "notes": "", "created_at": "2026-03-06T20:56:32.609Z"}}, {"model": "wards.bed", "pk": 6, "fields": {"ward": 1, "bed_number": "Bed 6", "status": "Available", "notes": "", "created_at": "2026-03-09T16:25:24.751Z"}}, {"model": "wards.bed", "pk": 7, "fields": {"ward": 1, "bed_number": "Bed 7", "status": "Available", "notes": "", "created_at": "2026-03-09T16:25:24.762Z"}}, {"model": "wards.bed", "pk": 8, "fields": {"ward": 1, "bed_number": "Bed 8", "status": "Available", "notes": "", "created_at": "2026-03-09T16:25:24.771Z"}}, {"model": "wards.bed", "pk": 9, "fields": {"ward": 1, "bed_number": "Bed 9", "status": "Available", "notes": "", "created_at": "2026-03-09T16:25:24.780Z"}}, {"model": "wards.bed", "pk": 10, "fields": {"ward": 1, "bed_number": "Bed 10", "status": "Available", "notes": "", "created_at": "2026-03-09T16:25:24.791Z"}}, {"model": "wards.bed", "pk": 11, "fields": {"ward": 2, "bed_number": "Bed 1", "status": "Available", "notes": "", "created_at": "2026-03-06T20:56:32.633Z"}}, {"model": "wards.bed", "pk": 12, "fields": {"ward": 2, "bed_number": "Bed 2", "status": "Available", "notes": "", "created_at": "2026-03-06T20:56:32.637Z"}}, {"model": "wards.bed", "pk": 13, "fields": {"ward": 2, "bed_number": "Bed 3", "status": "Available", "notes": "", "created_at": "2026-03-06T20:56:32.641Z"}}, {"model": "wards.bed", "pk": 14, "fields": {"ward": 2, "bed_number": "Bed 4", "status": "Available", "notes": "", "created_at": "2026-03-06T20:56:32.645Z"}}, {"model": "wards.bed", "pk": 15, "fields": {"ward": 2, "bed_number": "Bed 5", "status": "Available", "notes": "", "created_at": "2026-03-06T20:56:32.648Z"}}, {"model": "wards.bed", "pk": 16, "fields": {"ward": 2, "bed_number": "Bed 6", "status": "Available", "notes": "", "created_at": "2026-03-09T16:25:24.859Z"}}, {"model": "wards.bed", "pk": 17, "fields": {"ward": 2, "bed_number": "Bed 7", "status": "Available", "notes": "", "created_at": "2026-03-09T16:25:24.868Z"}}, {"model": "wards.bed", "pk": 18, "fields": {"ward": 2, "bed_number": "Bed 8", "status": "Available", "notes": "", "created_at": "2026-03-09T16:25:24.878Z"}}, {"model": "wards.bed", "pk": 19, "fields": {"ward": 2, "bed_number": "Bed 9", "status": "Available", "notes": "", "created_at": "2026-03-09T16:25:24.888Z"}}, {"model": "wards.bed", "pk": 20, "fields": {"ward": 2, "bed_number": "Bed 10", "status": "Available", "notes": "", "created_at": "2026-03-09T16:25:24.898Z"}}, {"model": "wards.bed", "pk": 21, "fields": {"ward": 3, "bed_number": "Bed 1", "status": "Available", "notes": "", "created_at": "2026-03-06T20:56:32.673Z"}}, {"model": "wards.bed", "pk": 22, "fields": {"ward": 3, "bed_number": "Bed 2", "status": "Available", "notes": "", "created_at": "2026-03-06T20:56:32.677Z"}}, {"model": "wards.bed", "pk": 23, "fields": {"ward": 3, "bed_number": "Bed 3", "status": "Available", "notes": "", "created_at": "2026-03-06T20:56:32.681Z"}}, {"model": "wards.bed", "pk": 24, "fields": {"ward": 3, "bed_number": "Bed 4", "status": "Available", "notes": "", "created_at": "2026-03-06T20:56:32.685Z"}}, {"model": "wards.bed", "pk": 25, "fields": {"ward": 3, "bed_number": "Bed 5", "status": "Available", "notes": "", "created_at": "2026-03-06T20:56:32.689Z"}}, {"model": "wards.bed", "pk": 26, "fields": {"ward": 3, "bed_number": "Bed 6", "status": "Available", "notes": "", "created_at": "2026-03-09T16:25:24.965Z"}}, {"model": "wards.admission", "pk": 1, "fields": {"admission_id": "ADM-2026-00001", "patient": 2, "ward": 2, "bed": 12, "consultation": null, "admitting_doctor": 1, "reason": "DMEO", "notes": "", "status": "Discharged", "admitted_at": "2026-03-06T21:26:00Z", "discharged_at": "2026-03-06T21:30:34.838Z", "discharge_notes": "", "discharged_by": 1, "created_by": 1, "created_at": "2026-03-06T21:28:18.149Z"}}, {"model": "wards.transferlog", "pk": 1, "fields": {"admission": 1, "from_ward": 2, "from_bed": 15, "to_ward": 2, "to_bed": 12, "reason": "", "transferred_by": 1, "transferred_at": "2026-03-06T21:30:18.625Z"}}, {"model": "laboratory.labtest", "pk": 1, "fields": {"name": "Malaria Parasite (MP)", "short_code": "MP", "description": "Thick and thin blood film for malaria parasite detection", "reference_range": "Not seen", "unit": "", "is_active": true, "created_at": "2026-03-06T22:08:37.061Z"}}, {"model": "laboratory.labtest", "pk": 2, "fields": {"name": "Urinalysis", "short_code": "URS", "description": "Physical, chemical and microscopic examination of urine", "reference_range": "See individual parameters", "unit": "", "is_active": true, "created_at": "2026-03-06T22:08:37.063Z"}}, {"model": "laboratory.labtest", "pk": 3, "fields": {"name": "Blood Glucose (RBS)", "short_code": "RBS", "description": "Random Blood Sugar", "reference_range": "3.9 – 7.8 mmol/L", "unit": "mmol/L", "is_active": true, "created_at": "2026-03-06T22:08:37.064Z"}}, {"model": "laboratory.labtest", "pk": 4, "fields": {"name": "Blood Glucose (FBS)", "short_code": "FBS", "description": "Fasting Blood Sugar", "reference_range": "3.9 – 5.6 mmol/L", "unit": "mmol/L", "is_active": true, "created_at": "2026-03-06T22:08:37.065Z"}}, {"model": "laboratory.labtest", "pk": 5, "fields": {"name": "Stool Analysis", "short_code": "S/A", "description": "Stool microscopy and culture", "reference_range": "No ova/cysts/parasites seen", "unit": "", "is_active": true, "created_at": "2026-03-06T22:08:37.067Z"}}, {"model": "laboratory.labtest", "pk": 6, "fields": {"name": "Widal Test", "short_code": "WDL", "description": "Serological test for typhoid fever (Salmonella typhi)", "reference_range": "TO < 1:80, TH < 1:80", "unit": "titre", "is_active": true, "created_at": "2026-03-06T22:08:37.068Z"}}, {"model": "laboratory.labtest", "pk": 7, "fields": {"name": "Genotype", "short_code": "GEN", "description": "Haemoglobin genotype", "reference_range": "AA (Normal)", "unit": "", "is_active": true, "created_at": "2026-03-06T22:08:37.069Z"}}, {"model": "laboratory.labtest", "pk": 8, "fields": {"name": "Blood Group & Rhesus", "short_code": "BG", "description": "ABO blood group and Rhesus factor", "reference_range": "A/B/AB/O, Rh+/-", "unit": "", "is_active": true, "created_at": "2026-03-06T22:08:37.070Z"}}, {"model": "laboratory.labrequest", "pk": 1, "fields": {"lab_id": "LAB-2026-00001", "patient": 2, "consultation": null, "requested_by": 1, "processed_by": 1, "processed_at": "2026-03-06T22:15:35.595Z", "status": "Completed", "priority": "Routine", "clinical_notes": "", "created_by": 1, "created_at": "2026-03-06T22:15:10.120Z", "updated_at": "2026-03-06T22:15:10.120Z"}}, {"model": "laboratory.labrequest", "pk": 2, "fields": {"lab_id": "LAB-2026-00002", "patient": 2, "consultation": null, "requested_by": 1, "processed_by": 1, "processed_at": "2026-03-07T02:26:44.473Z", "status": "Completed", "priority": "Routine", "clinical_notes": "", "created_by": 1, "created_at": "2026-03-07T02:25:16.918Z", "updated_at": "2026-03-07T02:25:16.918Z"}}, {"model": "laboratory.labresult", "pk": 1, "fields": {"request": 1, "test": 4, "result_value": "LOREM IPSUM", "reference_range": "3.9 – 5.6 mmol/L", "unit": "mmol/L", "interpretation": "Normal", "remarks": "", "entered_by": 1, "entered_at": "2026-03-06T22:15:35.595Z"}}, {"model": "laboratory.labresult", "pk": 2, "fields": {"request": 2, "test": 4, "result_value": "DEMO", "reference_range": "3.9 – 5.6 mmol/L", "unit": "mmol/L", "interpretation": "", "remarks": "", "entered_by": 1, "entered_at": "2026-03-07T02:26:44.473Z"}}, {"model": "laboratory.labresult", "pk": 3, "fields": {"request": 2, "test": 1, "result_value": "DEMO", "reference_range": "Not seen", "unit": "", "interpretation": "", "remarks": "", "entered_by": 1, "entered_at": "2026-03-07T02:26:44.473Z"}}, {"model": "laboratory.labresult", "pk": 4, "fields": {"request": 2, "test": 6, "result_value": "DEMO", "reference_range": "TO < 1:80, TH < 1:80", "unit": "titre", "interpretation": "", "remarks": "", "entered_by": 1, "entered_at": "2026-03-07T02:26:44.473Z"}}, {"model": "documents.officialdocument", "pk": 1, "fields": {"doc_id": "DOC-2026-00001", "doc_type": "referral", "status": "issued", "patient": 2, "consultation": 4, "issued_by": 1, "date_issued": "2026-03-07", "created_at": "2026-03-07T22:38:23.837Z", "updated_at": "2026-03-07T22:59:06.556Z", "leave_from": null, "leave_to": null, "resume_date": null, "referral_to": "FMC Gombe", "referral_department": "NIL", "referral_reason": "DEOM", "referral_urgency": "emergency", "diagnosis": "", "notes": "", "additional_info": "", "verification_code": "TC7WPX853U"}}, {"model": "documents.officialdocument", "pk": 2, "fields": {"doc_id": "DOC-2026-00002", "doc_type": "medical_report", "status": "issued", "patient": 2, "consultation": 4, "issued_by": 1, "date_issued": "2026-03-07", "created_at": "2026-03-07T22:53:20.189Z", "updated_at": "2026-03-07T22:53:20.189Z", "leave_from": null, "leave_to": null, "resume_date": null, "referral_to": "", "referral_department": "", "referral_reason": "", "referral_urgency": "", "diagnosis": "DEMO", "notes": "DEMO REPO", "additional_info": "SATISFACTORY", "verification_code": "HVD9X5U8Q4"}}, {"model": "documents.officialdocument", "pk": 3, "fields": {"doc_id": "DOC-2026-00003", "doc_type": "referral", "status": "issued", "patient": 2, "consultation": 4, "issued_by": 1, "date_issued": "2026-03-09", "created_at": "2026-03-09T15:24:46.452Z", "updated_at": "2026-03-09T15:24:46.452Z", "leave_from": null, "leave_to": null, "resume_date": null, "referral_to": "FMC Gombe", "referral_department": "", "referral_reason": "Lorem Ipsum", "referral_urgency": "urgent", "diagnosis": "", "notes": "", "additional_info": "", "verification_code": "ET67EU53YE"}}, {"model": "consultations.consultation", "pk": 1, "fields": {"consultation_id": "CON-2026-00001", "patient": 2, "appointment": null, "doctor": 3, "bp_systolic": null, "bp_diastolic": null, "temperature": null, "pulse": null, "extra_vitals": {"Weight": "20"}, "chief_complaint": "\\demo", "history": "", "examination": "", "diagnosis": "", "icd10_code": "", "icd10_label": "", "management_plan": "", "follow_up_date": null, "follow_up_notes": "", "has_prescription": false, "has_lab_request": false, "has_ward_referral": false, "has_clearance": false, "status": "Completed", "created_by": 3, "created_at": "2026-03-05T12:49:24.874Z", "updated_at": "2026-03-05T13:42:55.687Z"}}, {"model": "consultations.consultation", "pk": 2, "fields": {"consultation_id": "CON-2026-00002", "patient": 2, "appointment": null, "doctor": 1, "bp_systolic": 120, "bp_diastolic": 80, "temperature": "37.0", "pulse": 72, "extra_vitals": {"Weight": "72kg"}, "chief_complaint": "DEMO", "history": "DEMO", "examination": "DEMO", "diagnosis": "", "icd10_code": "306", "icd10_label": "Acite DEMO", "management_plan": "DEMO Plan", "follow_up_date": "2026-03-14", "follow_up_notes": "", "has_prescription": false, "has_lab_request": false, "has_ward_referral": false, "has_clearance": false, "status": "Completed", "created_by": 1, "created_at": "2026-03-06T13:39:37.352Z", "updated_at": "2026-03-06T21:22:48.002Z"}}, {"model": "consultations.consultation", "pk": 3, "fields": {"consultation_id": "CON-2026-00003", "patient": 2, "appointment": null, "doctor": 1, "bp_systolic": null, "bp_diastolic": null, "temperature": null, "pulse": null, "extra_vitals": {}, "chief_complaint": "DEMO 5", "history": "", "examination": "", "diagnosis": "", "icd10_code": "", "icd10_label": "", "management_plan": "", "follow_up_date": null, "follow_up_notes": "", "has_prescription": false, "has_lab_request": false, "has_ward_referral": false, "has_clearance": false, "status": "Completed", "created_by": 1, "created_at": "2026-03-06T21:01:18.235Z", "updated_at": "2026-03-06T21:01:34.389Z"}}, {"model": "consultations.consultation", "pk": 4, "fields": {"consultation_id": "CON-2026-00004", "patient": 2, "appointment": 3, "doctor": 1, "bp_systolic": null, "bp_diastolic": null, "temperature": null, "pulse": null, "extra_vitals": {}, "chief_complaint": "de", "history": "", "examination": "", "diagnosis": "", "icd10_code": "", "icd10_label": "", "management_plan": "", "follow_up_date": null, "follow_up_notes": "", "has_prescription": false, "has_lab_request": false, "has_ward_referral": false, "has_clearance": false, "status": "Completed", "created_by": 1, "created_at": "2026-03-06T21:24:59.548Z", "updated_at": "2026-03-06T21:25:08.776Z"}}, {"model": "consultations.consultation", "pk": 5, "fields": {"consultation_id": "CON-2026-00005", "patient": 2, "appointment": null, "doctor": 1, "bp_systolic": null, "bp_diastolic": null, "temperature": null, "pulse": null, "extra_vitals": {}, "chief_complaint": "Lorem Ipsum", "history": "", "examination": "", "diagnosis": "", "icd10_code": "", "icd10_label": "", "management_plan": "", "follow_up_date": null, "follow_up_notes": "", "has_prescription": true, "has_lab_request": false, "has_ward_referral": false, "has_clearance": false, "status": "Completed", "created_by": 1, "created_at": "2026-03-10T16:01:26.712Z", "updated_at": "2026-03-10T16:01:58.171Z"}}, {"model": "clearance.defaultquestion", "pk": 1, "fields": {"question_text": "What is your Blood Group?", "question_type": "single", "choices_json": "[\"A+\", \"A-\", \"B+\", \"B-\", \"AB+\", \"AB-\", \"O+\", \"O-\", \"Unknown\"]", "is_required": true, "field_key": "blood_group", "order": 1}}, {"model": "clearance.defaultquestion", "pk": 2, "fields": {"question_text": "What is your Genotype?", "question_type": "single", "choices_json": "[\"AA\", \"AS\", \"SS\", \"AC\", \"SC\", \"Unknown\"]", "is_required": true, "field_key": "genotype", "order": 2}}, {"model": "clearance.defaultquestion", "pk": 3, "fields": {"question_text": "Do you have any known allergies? If yes, list them.", "question_type": "textarea", "choices_json": "[]", "is_required": true, "field_key": "known_allergies", "order": 3}}, {"model": "clearance.defaultquestion", "pk": 4, "fields": {"question_text": "Do you have any chronic medical conditions? If yes, list them.", "question_type": "textarea", "choices_json": "[]", "is_required": true, "field_key": "chronic_conditions", "order": 4}}, {"model": "clearance.defaultquestion", "pk": 5, "fields": {"question_text": "Do you have any physical or mental disabilities?", "question_type": "textarea", "choices_json": "[]", "is_required": true, "field_key": "disabilities", "order": 5}}, {"model": "clearance.defaultquestion", "pk": 6, "fields": {"question_text": "What is your Blood Pressure reading? (e.g. 120/80 mmHg)", "question_type": "text", "choices_json": "[]", "is_required": true, "field_key": "blood_pressure", "order": 6}}, {"model": "clearance.clearancesession", "pk": 1, "fields": {"academic_session": "2024/2025DEMO", "stream": "I", "title": "2024/2025 DEMO SESSION", "opens_at": "2026-03-07T16:57:00Z", "closes_at": "2026-03-12T23:00:00Z", "is_active": true, "instructions": "This Clerance is for a limited time only.", "created_by": 1, "created_at": "2026-03-07T16:58:08.756Z", "updated_at": "2026-03-07T16:58:08.756Z"}}, {"model": "clearance.clearancesession", "pk": 2, "fields": {"academic_session": "2024/2025DEMO2", "stream": "II", "title": "2024/2025 academic session", "opens_at": "2026-03-07T17:05:00Z", "closes_at": "2026-03-08T17:05:00Z", "is_active": true, "instructions": "", "created_by": 1, "created_at": "2026-03-07T17:05:48.850Z", "updated_at": "2026-03-07T17:05:48.850Z"}}, {"model": "clearance.clearancesession", "pk": 3, "fields": {"academic_session": "2023/2024", "stream": "I", "title": "2023/24 Academic Session", "opens_at": "2026-03-09T15:02:00Z", "closes_at": "2026-03-10T15:03:00Z", "is_active": true, "instructions": "Lorem Ipsum", "created_by": 1, "created_at": "2026-03-09T15:04:28.970Z", "updated_at": "2026-03-09T15:04:28.970Z"}}, {"model": "clearance.clearancequestion", "pk": 32, "fields": {"session": 2, "question_text": "What is your Blood Group?", "question_type": "single", "choices_json": "[\"A+\", \"A-\", \"B+\", \"B-\", \"AB+\", \"AB-\", \"O+\", \"O-\", \"Unknown\"]", "is_required": true, "field_key": "blood_group", "order": 1, "is_preloaded": false}}, {"model": "clearance.clearancequestion", "pk": 33, "fields": {"session": 2, "question_text": "What is your Genotype?", "question_type": "single", "choices_json": "[\"AA\", \"AS\", \"SS\", \"AC\", \"SC\", \"Unknown\"]", "is_required": true, "field_key": "genotype", "order": 2, "is_preloaded": false}}, {"model": "clearance.clearancequestion", "pk": 34, "fields": {"session": 2, "question_text": "Do you have any known allergies? If yes, list them.", "question_type": "textarea", "choices_json": "[]", "is_required": false, "field_key": "known_allergies", "order": 3, "is_preloaded": false}}, {"model": "clearance.clearancequestion", "pk": 35, "fields": {"session": 2, "question_text": "Do you have any chronic medical conditions? If yes, list them.", "question_type": "textarea", "choices_json": "[]", "is_required": false, "field_key": "chronic_conditions", "order": 4, "is_preloaded": false}}, {"model": "clearance.clearancequestion", "pk": 36, "fields": {"session": 2, "question_text": "Do you have any physical or mental disabilities?", "question_type": "textarea", "choices_json": "[]", "is_required": false, "field_key": "disabilities", "order": 5, "is_preloaded": false}}, {"model": "clearance.clearancequestion", "pk": 37, "fields": {"session": 2, "question_text": "What is your Blood Pressure reading? (e.g. 120/80 mmHg)", "question_type": "text", "choices_json": "[]", "is_required": false, "field_key": "blood_pressure", "order": 6, "is_preloaded": false}}, {"model": "clearance.clearancequestion", "pk": 45, "fields": {"session": 1, "question_text": "IS THIS A DEMO QUESTION", "question_type": "single", "choices_json": "[\"YES\", \"NO\"]", "is_required": true, "field_key": "", "order": 1, "is_preloaded": false}}, {"model": "clearance.clearancequestion", "pk": 46, "fields": {"session": 3, "question_text": "What is your Blood Group?", "question_type": "single", "choices_json": "[\"A+\", \"A-\", \"B+\", \"B-\", \"AB+\", \"AB-\", \"O+\", \"O-\", \"Unknown\"]", "is_required": true, "field_key": "blood_group", "order": 1, "is_preloaded": true}}, {"model": "clearance.clearancequestion", "pk": 47, "fields": {"session": 3, "question_text": "What is your Genotype?", "question_type": "single", "choices_json": "[\"AA\", \"AS\", \"SS\", \"AC\", \"SC\", \"Unknown\"]", "is_required": true, "field_key": "genotype", "order": 2, "is_preloaded": true}}, {"model": "clearance.clearancequestion", "pk": 48, "fields": {"session": 3, "question_text": "Do you have any known allergies? If yes, list them.", "question_type": "textarea", "choices_json": "[]", "is_required": true, "field_key": "known_allergies", "order": 3, "is_preloaded": true}}, {"model": "clearance.clearancequestion", "pk": 49, "fields": {"session": 3, "question_text": "Do you have any chronic medical conditions? If yes, list them.", "question_type": "textarea", "choices_json": "[]", "is_required": true, "field_key": "chronic_conditions", "order": 4, "is_preloaded": true}}, {"model": "clearance.clearancequestion", "pk": 50, "fields": {"session": 3, "question_text": "Do you have any physical or mental disabilities?", "question_type": "textarea", "choices_json": "[]", "is_required": true, "field_key": "disabilities", "order": 5, "is_preloaded": true}}, {"model": "clearance.clearancequestion", "pk": 51, "fields": {"session": 3, "question_text": "What is your Blood Pressure reading? (e.g. 120/80 mmHg)", "question_type": "text", "choices_json": "[]", "is_required": true, "field_key": "blood_pressure", "order": 6, "is_preloaded": true}}, {"model": "clearance.clearancequestion", "pk": 52, "fields": {"session": 3, "question_text": "Demo Question", "question_type": "text", "choices_json": "[]", "is_required": true, "field_key": "", "order": 7, "is_preloaded": false}}, {"model": "clearance.clearancesubmission", "pk": 1, "fields": {"submission_id": "CLR-2026-00001", "session": 1, "patient": 2, "status": "Approved", "resubmit_granted": false, "resubmit_granted_by": null, "resubmit_granted_at": null, "extended_deadline": null, "submitted_at": "2026-03-07T19:07:09.617Z", "reviewed_by": 1, "reviewed_at": "2026-03-07T19:08:21.207Z", "remarks": "DEMO"}}, {"model": "clearance.clearancesubmission", "pk": 2, "fields": {"submission_id": "CLR-2026-00002", "session": 2, "patient": 2, "status": "Approved", "resubmit_granted": false, "resubmit_granted_by": null, "resubmit_granted_at": null, "extended_deadline": null, "submitted_at": "2026-03-08T13:20:18.465Z", "reviewed_by": null, "reviewed_at": "2026-03-08T13:20:18.463Z", "remarks": ""}}, {"model": "clearance.clearancesubmission", "pk": 3, "fields": {"submission_id": "CLR-2026-00003", "session": 3, "patient": 2, "status": "Approved", "resubmit_granted": false, "resubmit_granted_by": null, "resubmit_granted_at": null, "extended_deadline": null, "submitted_at": "2026-03-09T15:10:39.699Z", "reviewed_by": null, "reviewed_at": "2026-03-09T15:10:39.693Z", "remarks": ""}}, {"model": "clearance.clearanceanswer", "pk": 2, "fields": {"submission": 1, "question": 45, "answer_text": "YES"}}, {"model": "clearance.clearanceanswer", "pk": 3, "fields": {"submission": 2, "question": 32, "answer_text": "A+"}}, {"model": "clearance.clearanceanswer", "pk": 4, "fields": {"submission": 2, "question": 33, "answer_text": "AA"}}, {"model": "clearance.clearanceanswer", "pk": 5, "fields": {"submission": 2, "question": 34, "answer_text": "DEMO"}}, {"model": "clearance.clearanceanswer", "pk": 6, "fields": {"submission": 2, "question": 35, "answer_text": "DEOM"}}, {"model": "clearance.clearanceanswer", "pk": 7, "fields": {"submission": 2, "question": 36, "answer_text": "DEMO"}}, {"model": "clearance.clearanceanswer", "pk": 8, "fields": {"submission": 2, "question": 37, "answer_text": "120/80"}}, {"model": "clearance.clearanceanswer", "pk": 9, "fields": {"submission": 3, "question": 46, "answer_text": "A+"}}, {"model": "clearance.clearanceanswer", "pk": 10, "fields": {"submission": 3, "question": 47, "answer_text": "AA"}}, {"model": "clearance.clearanceanswer", "pk": 11, "fields": {"submission": 3, "question": 48, "answer_text": "NIL"}}, {"model": "clearance.clearanceanswer", "pk": 12, "fields": {"submission": 3, "question": 49, "answer_text": "NIL"}}, {"model": "clearance.clearanceanswer", "pk": 13, "fields": {"submission": 3, "question": 50, "answer_text": "NIL"}}, {"model": "clearance.clearanceanswer", "pk": 14, "fields": {"submission": 3, "question": 51, "answer_text": "120/80"}}, {"model": "clearance.clearanceanswer", "pk": 15, "fields": {"submission": 3, "question": 52, "answer_text": "DEMO"}}]
